brand,oct_view_sessions,nov_view_sessions,view_session_change,oct_purchase_sessions,nov_purchase_sessions,purchase_session_change,oct_revenue,nov_revenue,revenue_change,revenue_change_pct,oct_conversion_rate,nov_conversion_rate,conversion_rate_change,oct_cart_abandonment_pct,nov_cart_abandonment_pct,cart_abandonment_change,oct_revenue_per_view,nov_revenue_per_view,revenue_per_view_change
apple,361804.0,355324.0,-6480.0,16187.0,12047.0,-4140.0,13002157.0,9403973.0,-3598184.0,-27.67,4.47,3.39,-1.08,28.02,64.41,36.39,35.94,26.47,-9.47
samsung,449697.0,441176.0,-8521.0,20036.0,14479.0,-5557.0,5493690.0,4038909.5,-1454780.5,-26.48,4.46,3.28,-1.18,37.14,64.52,27.38,12.22,9.15,-3.07
xiaomi,260852.0,258874.0,-1978.0,6518.0,5039.0,-1479.0,1085404.0,834018.5,-251385.5,-23.16,2.5,1.95,-0.55,41.3,71.59,30.29,4.16,3.22,-0.94
huawei,98789.0,83789.0,-15000.0,2782.0,1713.0,-1069.0,591994.94,341976.75,-250018.19,-42.23,2.82,2.04,-0.78,39.42,66.16,26.74,5.99,4.08,-1.91
acer,38136.0,41590.0,3454.0,778.0,469.0,-309.0,414248.28,250579.73,-163668.55,-39.51,2.04,1.13,-0.91,27.02,68.25,41.23,10.86,6.02,-4.84
indesit,25659.0,24690.0,-969.0,593.0,377.0,-216.0,152207.73,97034.12,-55173.61,-36.25,2.31,1.53,-0.78,18.32,69.91,51.59,5.93,3.93,-2.0
beko,21025.0,18175.0,-2850.0,457.0,283.0,-174.0,112513.92,67506.09,-45007.83,-40.0,2.17,1.56,-0.61,22.15,69.6,47.45,5.35,3.71,-1.64
oppo,43549.0,48367.0,4818.0,1313.0,1130.0,-183.0,294119.28,264314.94,-29804.34,-10.13,3.01,2.34,-0.67,40.43,63.63,23.2,6.75,5.46,-1.29
vivo,10446.0,9715.0,-731.0,223.0,135.0,-88.0,55659.91,36366.53,-19293.38,-34.66,2.13,1.39,-0.74,27.6,67.7,40.1,5.33,3.74,-1.59
canon,6838.0,6887.0,49.0,111.0,73.0,-38.0,53391.67,34581.68,-18809.99,-35.23,1.62,1.06,-0.56,16.54,70.56,54.02,7.81,5.02,-2.79
hubert,2122.0,1257.0,-865.0,47.0,16.0,-31.0,25011.91,7424.76,-17587.15,-70.32,2.21,1.27,-0.94,28.79,67.35,38.56,11.79,5.91,-5.88
haier,17332.0,16457.0,-875.0,349.0,282.0,-67.0,99233.63,81792.43,-17441.2,-17.58,2.01,1.71,-0.3,47.12,61.68,14.56,5.73,4.97,-0.76
elenberg,24498.0,16163.0,-8335.0,723.0,344.0,-379.0,29269.79,13089.74,-16180.05,-55.28,2.95,2.13,-0.82,23.73,61.04,37.31,1.19,0.81,-0.38
lg,50613.0,63906.0,13293.0,1061.0,964.0,-97.0,411276.88,398551.3,-12725.58,-3.09,2.1,1.51,-0.59,31.15,70.96,39.81,8.13,6.24,-1.89
sony,42178.0,47925.0,5747.0,746.0,767.0,21.0,291001.03,279869.2,-11131.83,-3.83,1.77,1.6,-0.17,29.76,69.15,39.39,6.9,5.84,-1.06
hisense,711.0,0.0,-711.0,15.0,0.0,-15.0,9133.74,0.0,-9133.74,-100.0,2.11,0.0,-2.11,40.0,0.0,-40.0,12.85,0.0,-12.85
bosch,49982.0,56973.0,6991.0,683.0,615.0,-68.0,154503.2,146493.81,-8009.39,-5.18,1.37,1.08,-0.29,16.81,70.85,54.04,3.09,2.57,-0.52
philips,26723.0,28059.0,1336.0,534.0,445.0,-89.0,58762.51,51382.9,-7379.61,-12.56,2.0,1.59,-0.41,25.94,60.51,34.57,2.2,1.83,-0.37
rinnai,791.0,554.0,-237.0,13.0,5.0,-8.0,11850.91,4556.33,-7294.58,-61.55,1.64,0.9,-0.74,7.14,79.17,72.03,14.98,8.22,-6.76
redmond,24874.0,27158.0,2284.0,481.0,365.0,-116.0,33071.66,26506.85,-6564.81,-19.85,1.93,1.34,-0.59,26.45,69.15,42.7,1.33,0.98,-0.35
epson,5358.0,5538.0,180.0,150.0,116.0,-34.0,33937.29,27927.26,-6010.03,-17.71,2.8,2.09,-0.71,28.23,66.08,37.85,6.33,5.04,-1.29
atlant,7728.0,8614.0,886.0,103.0,78.0,-25.0,27751.19,21779.56,-5971.63,-21.52,1.33,0.91,-0.42,4.63,78.03,73.4,3.59,2.53,-1.06
candy,3026.0,3013.0,-13.0,40.0,20.0,-20.0,11579.92,5632.14,-5947.78,-51.36,1.32,0.66,-0.66,32.2,79.8,47.6,3.83,1.87,-1.96
jbl,13055.0,11053.0,-2002.0,280.0,186.0,-94.0,18580.69,13423.13,-5157.56,-27.76,2.14,1.68,-0.46,23.08,67.71,44.63,1.42,1.21,-0.21
starline,11361.0,11847.0,486.0,240.0,194.0,-46.0,33353.05,28400.29,-4952.76,-14.85,2.11,1.64,-0.47,37.82,73.31,35.49,2.94,2.4,-0.54
garmin,6634.0,6264.0,-370.0,29.0,24.0,-5.0,16586.3,11831.53,-4754.77,-28.67,0.44,0.38,-0.06,21.62,76.7,55.08,2.5,1.89,-0.61
neoline,5130.0,3751.0,-1379.0,61.0,31.0,-30.0,9640.96,5300.02,-4340.94,-45.03,1.19,0.83,-0.36,47.86,75.4,27.54,1.88,1.41,-0.47
michelin,5384.0,4755.0,-629.0,120.0,77.0,-43.0,14200.39,9978.28,-4222.11,-29.73,2.23,1.62,-0.61,10.45,74.67,64.22,2.64,2.1,-0.54
phoenix,2644.0,977.0,-1667.0,32.0,10.0,-22.0,5950.07,1800.78,-4149.29,-69.74,1.21,1.02,-0.19,49.21,70.59,21.38,2.25,1.84,-0.41
zeta,6769.0,5246.0,-1523.0,106.0,53.0,-53.0,7400.38,3481.42,-3918.96,-52.96,1.57,1.01,-0.56,38.73,75.12,36.39,1.09,0.66,-0.43
panasonic,9015.0,9072.0,57.0,136.0,90.0,-46.0,12253.18,8352.6,-3900.58,-31.83,1.51,0.99,-0.52,46.03,76.06,30.03,1.36,0.92,-0.44
prestigio,5496.0,4423.0,-1073.0,129.0,96.0,-33.0,8309.68,4712.87,-3596.81,-43.28,2.35,2.17,-0.18,12.84,63.64,50.8,1.51,1.07,-0.44
ea,1420.0,893.0,-527.0,82.0,40.0,-42.0,6020.69,2488.19,-3532.5,-58.67,5.77,4.48,-1.29,63.56,70.8,7.24,4.24,2.79,-1.45
elari,5953.0,4341.0,-1612.0,126.0,69.0,-57.0,7433.89,3960.9,-3472.99,-46.72,2.12,1.59,-0.53,29.21,53.38,24.17,1.25,0.91,-0.34
janome,8642.0,10967.0,2325.0,156.0,156.0,0.0,39119.12,35696.28,-3422.84,-8.75,1.81,1.42,-0.39,12.36,74.8,62.44,4.53,3.25,-1.28
ariston,6007.0,5663.0,-344.0,171.0,131.0,-40.0,20589.7,17270.56,-3319.14,-16.12,2.85,2.31,-0.54,31.6,71.65,40.05,3.43,3.05,-0.38
huion,588.0,617.0,29.0,11.0,5.0,-6.0,4865.91,1601.62,-3264.29,-67.08,1.87,0.81,-1.06,21.43,85.71,64.28,8.28,2.6,-5.68
rowenta,8102.0,7757.0,-345.0,237.0,159.0,-78.0,12222.46,9048.73,-3173.73,-25.97,2.93,2.05,-0.88,20.2,61.69,41.49,1.51,1.17,-0.34
omron,4958.0,4991.0,33.0,165.0,127.0,-38.0,10339.99,7461.03,-2878.96,-27.84,3.33,2.54,-0.79,8.33,69.98,61.65,2.09,1.49,-0.6
gopro,1185.0,1209.0,24.0,16.0,8.0,-8.0,6328.62,4099.7,-2228.92,-35.22,1.35,0.66,-0.69,52.94,82.61,29.67,5.34,3.39,-1.95
honor,8778.0,7973.0,-805.0,69.0,71.0,2.0,18065.94,15889.1,-2176.84,-12.05,0.79,0.89,0.1,37.84,52.35,14.51,2.06,1.99,-0.07
nikon,2434.0,2526.0,92.0,32.0,30.0,-2.0,15494.99,13445.88,-2049.11,-13.22,1.31,1.19,-0.12,20.0,68.42,48.42,6.37,5.32,-1.05
radaway,579.0,0.0,-579.0,3.0,0.0,-3.0,2010.78,0.0,-2010.78,-100.0,0.52,0.0,-0.52,57.14,0.0,-57.14,3.47,0.0,-3.47
incanto,2409.0,1919.0,-490.0,26.0,14.0,-12.0,4195.03,2203.04,-1991.99,-47.48,1.08,0.73,-0.35,29.73,77.78,48.05,1.74,1.15,-0.59
pocketbook,1807.0,2138.0,331.0,34.0,29.0,-5.0,6244.0,4276.43,-1967.57,-31.51,1.88,1.36,-0.52,15.0,74.78,59.78,3.46,2.0,-1.46
thomas,3118.0,4765.0,1647.0,55.0,51.0,-4.0,18683.23,16718.04,-1965.19,-10.52,1.76,1.07,-0.69,21.43,76.71,55.28,5.99,3.51,-2.48
dxracer,1427.0,986.0,-441.0,13.0,6.0,-7.0,3712.95,1819.25,-1893.7,-51.0,0.91,0.61,-0.3,27.78,66.67,38.89,2.6,1.85,-0.75
karcher,9845.0,10612.0,767.0,100.0,91.0,-9.0,24702.81,22841.34,-1861.47,-7.54,1.02,0.86,-0.16,48.45,79.18,30.73,2.51,2.15,-0.36
tefal,18498.0,21097.0,2599.0,365.0,302.0,-63.0,37337.56,35509.29,-1828.27,-4.9,1.97,1.43,-0.54,24.59,66.37,41.78,2.02,1.68,-0.34
cortland,1438.0,1051.0,-387.0,29.0,12.0,-17.0,2792.34,1191.81,-1600.53,-57.32,2.02,1.14,-0.88,53.23,66.67,13.44,1.94,1.13,-0.81
microlab,2432.0,1951.0,-481.0,44.0,28.0,-16.0,2716.02,1274.71,-1441.31,-53.07,1.81,1.44,-0.37,4.35,56.25,51.9,1.12,0.65,-0.47
moulinex,4333.0,4687.0,354.0,65.0,49.0,-16.0,7036.31,5815.15,-1221.16,-17.36,1.5,1.05,-0.45,17.72,72.47,54.75,1.62,1.24,-0.38
maxwell,5538.0,5182.0,-356.0,75.0,58.0,-17.0,2717.5,1519.55,-1197.95,-44.08,1.35,1.12,-0.23,14.77,73.87,59.1,0.49,0.29,-0.2
plantronics,1534.0,980.0,-554.0,33.0,17.0,-16.0,1804.27,765.57,-1038.7,-57.57,2.15,1.73,-0.42,41.07,63.83,22.76,1.18,0.78,-0.4
vitek,22699.0,24511.0,1812.0,469.0,425.0,-44.0,19659.03,18646.36,-1012.67,-5.15,2.07,1.73,-0.34,11.68,69.16,57.48,0.87,0.76,-0.11
babyliss,2789.0,2546.0,-243.0,41.0,28.0,-13.0,2773.6,1762.79,-1010.81,-36.44,1.47,1.1,-0.37,25.45,66.27,40.82,0.99,0.69,-0.3
chayka,1751.0,1496.0,-255.0,40.0,28.0,-12.0,3840.29,2859.46,-980.83,-25.54,2.28,1.87,-0.41,27.27,68.18,40.91,2.19,1.91,-0.28
rant,882.0,0.0,-882.0,14.0,0.0,-14.0,846.48,0.0,-846.48,-100.0,1.59,0.0,-1.59,12.5,0.0,-12.5,0.96,0.0,-0.96
pozis,1132.0,927.0,-205.0,4.0,1.0,-3.0,1048.63,231.64,-816.99,-77.91,0.35,0.11,-0.24,60.0,96.55,36.55,0.93,0.25,-0.68
zte,1109.0,697.0,-412.0,16.0,5.0,-11.0,1242.93,434.93,-808.0,-65.01,1.44,0.72,-0.72,11.11,68.75,57.64,1.12,0.62,-0.5
sho-me,4628.0,3864.0,-764.0,74.0,70.0,-4.0,10474.52,9744.72,-729.8,-6.97,1.6,1.81,0.21,28.85,65.35,36.5,2.26,2.52,0.26
matador,7304.0,6620.0,-684.0,209.0,198.0,-11.0,11725.08,10996.6,-728.48,-6.21,2.86,2.99,0.13,43.36,70.23,26.87,1.61,1.66,0.05
huter,7500.0,6889.0,-611.0,152.0,95.0,-57.0,19624.94,18917.31,-707.63,-3.61,2.03,1.38,-0.65,52.5,74.11,21.61,2.62,2.75,0.13
teploross,590.0,720.0,130.0,8.0,6.0,-2.0,2378.44,1672.52,-705.92,-29.68,1.36,0.83,-0.53,0.0,85.0,85.0,4.03,2.32,-1.71
perilla,1881.0,2286.0,405.0,55.0,37.0,-18.0,1659.61,978.51,-681.1,-41.04,2.92,1.62,-1.3,43.3,67.83,24.53,0.88,0.43,-0.45
thule,1295.0,669.0,-626.0,3.0,2.0,-1.0,862.07,236.78,-625.29,-72.53,0.23,0.3,0.07,78.57,80.0,1.43,0.67,0.35,-0.32
transcend,3491.0,3806.0,315.0,104.0,68.0,-36.0,4077.71,3462.43,-615.28,-15.09,2.98,1.79,-1.19,26.76,77.7,50.94,1.17,0.91,-0.26
blaupunkt,689.0,641.0,-48.0,10.0,5.0,-5.0,2246.91,1644.24,-602.67,-26.82,1.45,0.78,-0.67,67.74,66.67,-1.07,3.26,2.57,-0.69
hyperx,1900.0,1820.0,-80.0,31.0,26.0,-5.0,2430.92,1834.55,-596.37,-24.53,1.63,1.43,-0.2,35.42,65.79,30.37,1.28,1.01,-0.27
aoc,602.0,839.0,237.0,7.0,6.0,-1.0,2169.44,1578.33,-591.11,-27.25,1.16,0.72,-0.44,46.15,60.0,13.85,3.6,1.88,-1.72
eurolux,1768.0,1598.0,-170.0,31.0,23.0,-8.0,2536.22,1969.55,-566.67,-22.34,1.75,1.44,-0.31,50.0,71.6,21.6,1.43,1.23,-0.2
oasis,4373.0,4834.0,461.0,93.0,77.0,-16.0,3471.62,2909.5,-562.12,-16.19,2.13,1.59,-0.54,17.7,76.95,59.25,0.79,0.6,-0.19
cenmax,1007.0,650.0,-357.0,13.0,5.0,-8.0,907.57,354.29,-553.28,-60.96,1.29,0.77,-0.52,35.0,80.0,45.0,0.9,0.55,-0.35
remington,3070.0,3025.0,-45.0,61.0,43.0,-18.0,3029.35,2482.58,-546.77,-18.05,1.99,1.42,-0.57,40.2,66.67,26.47,0.99,0.82,-0.17
logitech,1496.0,1889.0,393.0,25.0,14.0,-11.0,1242.92,699.74,-543.18,-43.7,1.67,0.74,-0.93,30.56,82.05,51.49,0.83,0.37,-0.46
bfgoodrich,1613.0,1629.0,16.0,13.0,12.0,-1.0,1717.53,1287.4,-430.13,-25.04,0.81,0.74,-0.07,35.0,85.37,50.37,1.06,0.79,-0.27
sjcam,586.0,547.0,-39.0,3.0,2.0,-1.0,657.41,268.73,-388.68,-59.12,0.51,0.37,-0.14,57.14,84.62,27.48,1.12,0.49,-0.63
playme,1096.0,706.0,-390.0,10.0,8.0,-2.0,1498.37,1168.21,-330.16,-22.03,0.91,1.13,0.22,9.09,69.23,60.14,1.37,1.65,0.28
rastar,1444.0,1333.0,-111.0,13.0,5.0,-8.0,451.81,153.18,-298.63,-66.1,0.9,0.38,-0.52,56.67,84.85,28.18,0.31,0.11,-0.2
selby,846.0,780.0,-66.0,19.0,11.0,-8.0,789.74,499.08,-290.66,-36.8,2.25,1.41,-0.84,26.92,69.44,42.52,0.93,0.64,-0.29
turboair,870.0,852.0,-18.0,13.0,6.0,-7.0,596.53,319.05,-277.48,-46.52,1.49,0.7,-0.79,38.1,75.0,36.9,0.69,0.37,-0.32
kingston,5742.0,6036.0,294.0,163.0,110.0,-53.0,6074.42,5802.33,-272.09,-4.48,2.84,1.82,-1.02,5.78,68.3,62.52,1.06,0.96,-0.1
aqua,1442.0,1243.0,-199.0,23.0,17.0,-6.0,819.65,564.2,-255.45,-31.17,1.6,1.37,-0.23,41.03,73.44,32.41,0.57,0.45,-0.12
total,2184.0,1839.0,-345.0,31.0,22.0,-9.0,1074.25,828.09,-246.16,-22.91,1.42,1.2,-0.22,40.38,55.1,14.72,0.49,0.45,-0.04
hitachi,572.0,525.0,-47.0,1.0,0.0,-1.0,191.1,0.0,-191.1,-100.0,0.17,0.0,-0.17,66.67,100.0,33.33,0.33,0.0,-0.33
barbie,588.0,684.0,96.0,4.0,3.0,-1.0,249.84,66.69,-183.15,-73.31,0.68,0.44,-0.24,20.0,57.14,37.14,0.42,0.1,-0.32
svc,748.0,875.0,127.0,10.0,11.0,1.0,497.54,339.08,-158.46,-31.85,1.34,1.26,-0.08,0.0,81.36,81.36,0.67,0.39,-0.28
delux,1047.0,1070.0,23.0,17.0,7.0,-10.0,211.78,81.51,-130.27,-61.51,1.62,0.65,-0.97,10.53,83.72,73.19,0.2,0.08,-0.12
tristar,852.0,578.0,-274.0,6.0,3.0,-3.0,208.33,101.22,-107.11,-51.41,0.7,0.52,-0.18,0.0,66.67,66.67,0.24,0.18,-0.06
horizont,1820.0,1581.0,-239.0,17.0,14.0,-3.0,2232.9,2129.77,-103.13,-4.62,0.93,0.89,-0.04,10.53,81.33,70.8,1.23,1.35,0.12
caramelia,1530.0,1077.0,-453.0,10.0,8.0,-2.0,328.2,245.37,-82.83,-25.24,0.65,0.74,0.09,37.5,68.0,30.5,0.21,0.23,0.02
flama,1775.0,1739.0,-36.0,14.0,12.0,-2.0,1887.0,1810.57,-76.43,-4.05,0.79,0.69,-0.1,17.65,79.66,62.01,1.06,1.04,-0.02
remax,810.0,762.0,-48.0,14.0,11.0,-3.0,341.56,270.76,-70.8,-20.73,1.73,1.44,-0.29,17.65,68.57,50.92,0.42,0.36,-0.06
mattel,535.0,0.0,-535.0,2.0,0.0,-2.0,53.62,0.0,-53.62,-100.0,0.37,0.0,-0.37,50.0,0.0,-50.0,0.1,0.0,-0.1
awei,703.0,503.0,-200.0,11.0,8.0,-3.0,189.92,143.9,-46.02,-24.23,1.56,1.59,0.03,21.43,57.89,36.46,0.27,0.29,0.02
toro,769.0,577.0,-192.0,9.0,5.0,-4.0,106.82,80.86,-25.96,-24.3,1.17,0.87,-0.3,35.71,76.19,40.48,0.14,0.14,0.0
pasabahce,656.0,593.0,-63.0,8.0,7.0,-1.0,43.02,35.87,-7.15,-16.62,1.22,1.18,-0.04,0.0,58.82,58.82,0.07,0.06,-0.01
caprice,794.0,0.0,-794.0,0.0,0.0,0.0,0.0,0.0,0.0,0.0,0.0,0.0,0.0,0.0,0.0,0.0,0.0,0.0,0.0
rado,525.0,0.0,-525.0,0.0,0.0,0.0,0.0,0.0,0.0,0.0,0.0,0.0,0.0,0.0,0.0,0.0,0.0,0.0,0.0
prologic,0.0,612.0,612.0,0.0,0.0,0.0,0.0,0.0,0.0,0.0,0.0,0.0,0.0,0.0,100.0,100.0,0.0,0.0,0.0
ski-doo,0.0,1032.0,1032.0,0.0,0.0,0.0,0.0,0.0,0.0,0.0,0.0,0.0,0.0,0.0,100.0,100.0,0.0,0.0,0.0
roncato,0.0,697.0,697.0,0.0,0.0,0.0,0.0,0.0,0.0,0.0,0.0,0.0,0.0,0.0,100.0,100.0,0.0,0.0,0.0
startul,0.0,593.0,593.0,0.0,0.0,0.0,0.0,0.0,0.0,0.0,0.0,0.0,0.0,0.0,100.0,100.0,0.0,0.0,0.0
pablosky,0.0,720.0,720.0,0.0,0.0,0.0,0.0,0.0,0.0,0.0,0.0,0.0,0.0,0.0,100.0,100.0,0.0,0.0,0.0
noppies,0.0,805.0,805.0,0.0,0.0,0.0,0.0,0.0,0.0,0.0,0.0,0.0,0.0,0.0,100.0,100.0,0.0,0.0,0.0
fancy,0.0,739.0,739.0,0.0,0.0,0.0,0.0,0.0,0.0,0.0,0.0,0.0,0.0,0.0,100.0,100.0,0.0,0.0,0.0
crucial,0.0,574.0,574.0,0.0,0.0,0.0,0.0,0.0,0.0,0.0,0.0,0.0,0.0,0.0,100.0,100.0,0.0,0.0,0.0
febest,0.0,607.0,607.0,0.0,0.0,0.0,0.0,0.0,0.0,0.0,0.0,0.0,0.0,0.0,100.0,100.0,0.0,0.0,0.0
longines,0.0,598.0,598.0,0.0,0.0,0.0,0.0,0.0,0.0,0.0,0.0,0.0,0.0,0.0,100.0,100.0,0.0,0.0,0.0
simba,0.0,1016.0,1016.0,0.0,0.0,0.0,0.0,0.0,0.0,0.0,0.0,0.0,0.0,0.0,100.0,100.0,0.0,0.0,0.0
can-am,0.0,1015.0,1015.0,0.0,0.0,0.0,0.0,0.0,0.0,0.0,0.0,0.0,0.0,0.0,100.0,100.0,0.0,0.0,0.0
grohe,501.0,0.0,-501.0,0.0,0.0,0.0,0.0,0.0,0.0,0.0,0.0,0.0,0.0,0.0,0.0,0.0,0.0,0.0,0.0
persona,1047.0,0.0,-1047.0,0.0,0.0,0.0,0.0,0.0,0.0,0.0,0.0,0.0,0.0,0.0,0.0,0.0,0.0,0.0,0.0
wera,739.0,0.0,-739.0,0.0,0.0,0.0,0.0,0.0,0.0,0.0,0.0,0.0,0.0,0.0,0.0,0.0,0.0,0.0,0.0
gaissina,0.0,587.0,587.0,0.0,0.0,0.0,0.0,0.0,0.0,0.0,0.0,0.0,0.0,0.0,0.0,0.0,0.0,0.0,0.0
fubag,0.0,753.0,753.0,0.0,0.0,0.0,0.0,0.0,0.0,0.0,0.0,0.0,0.0,0.0,100.0,100.0,0.0,0.0,0.0
gulliver,0.0,811.0,811.0,0.0,0.0,0.0,0.0,0.0,0.0,0.0,0.0,0.0,0.0,0.0,100.0,100.0,0.0,0.0,0.0
otan,0.0,505.0,505.0,0.0,0.0,0.0,0.0,0.0,0.0,0.0,0.0,0.0,0.0,0.0,0.0,0.0,0.0,0.0,0.0
appollo,0.0,924.0,924.0,0.0,0.0,0.0,0.0,0.0,0.0,0.0,0.0,0.0,0.0,0.0,100.0,100.0,0.0,0.0,0.0
dometic,793.0,0.0,-793.0,0.0,0.0,0.0,0.0,0.0,0.0,0.0,0.0,0.0,0.0,0.0,0.0,0.0,0.0,0.0,0.0
mltl,983.0,0.0,-983.0,0.0,0.0,0.0,0.0,0.0,0.0,0.0,0.0,0.0,0.0,0.0,0.0,0.0,0.0,0.0,0.0
elysium,0.0,511.0,511.0,0.0,2.0,2.0,0.0,16.22,16.22,0.0,0.0,0.39,0.39,0.0,77.78,77.78,0.0,0.03,0.03
goodloot,0.0,692.0,692.0,0.0,2.0,2.0,0.0,17.46,17.46,0.0,0.0,0.29,0.29,0.0,66.67,66.67,0.0,0.03,0.03
powerplant,0.0,613.0,613.0,0.0,6.0,6.0,0.0,22.09,22.09,0.0,0.0,0.98,0.98,0.0,76.92,76.92,0.0,0.04,0.04
dion,0.0,624.0,624.0,0.0,1.0,1.0,0.0,29.6,29.6,0.0,0.0,0.16,0.16,0.0,83.33,83.33,0.0,0.05,0.05
kronospan,0.0,603.0,603.0,0.0,2.0,2.0,0.0,30.32,30.32,0.0,0.0,0.33,0.33,0.0,93.1,93.1,0.0,0.05,0.05
aquamarine,0.0,646.0,646.0,0.0,3.0,3.0,0.0,30.63,30.63,0.0,0.0,0.46,0.46,0.0,75.0,75.0,0.0,0.05,0.05
visavis,0.0,554.0,554.0,0.0,3.0,3.0,0.0,30.7,30.7,0.0,0.0,0.54,0.54,0.0,70.0,70.0,0.0,0.06,0.06
apollo,604.0,560.0,-44.0,7.0,4.0,-3.0,49.71,80.49,30.78,61.92,1.16,0.71,-0.45,61.11,80.0,18.89,0.08,0.14,0.06
deppa,0.0,636.0,636.0,0.0,5.0,5.0,0.0,37.96,37.96,0.0,0.0,0.79,0.79,0.0,50.0,50.0,0.0,0.06,0.06
hoco,1547.0,1317.0,-230.0,26.0,26.0,0.0,469.73,514.15,44.42,9.46,1.68,1.97,0.29,25.71,45.83,20.12,0.3,0.39,0.09
crockid,0.0,770.0,770.0,0.0,6.0,6.0,0.0,44.79,44.79,0.0,0.0,0.78,0.78,0.0,60.0,60.0,0.0,0.06,0.06
muqajankz,0.0,561.0,561.0,0.0,2.0,2.0,0.0,46.33,46.33,0.0,0.0,0.36,0.36,0.0,77.78,77.78,0.0,0.08,0.08
fabretti,0.0,818.0,818.0,0.0,3.0,3.0,0.0,48.13,48.13,0.0,0.0,0.37,0.37,0.0,70.0,70.0,0.0,0.06,0.06
jinga,1086.0,642.0,-444.0,12.0,9.0,-3.0,203.34,251.83,48.49,23.85,1.1,1.4,0.3,60.0,66.67,6.67,0.19,0.39,0.2
asics,0.0,1336.0,1336.0,0.0,1.0,1.0,0.0,51.48,51.48,0.0,0.0,0.07,0.07,0.0,90.91,90.91,0.0,0.04,0.04
welly,0.0,3193.0,3193.0,0.0,5.0,5.0,0.0,53.63,53.63,0.0,0.0,0.16,0.16,0.0,93.06,93.06,0.0,0.02,0.02
teosa,0.0,806.0,806.0,0.0,1.0,1.0,0.0,53.8,53.8,0.0,0.0,0.12,0.12,0.0,93.75,93.75,0.0,0.07,0.07
wallberry,0.0,599.0,599.0,0.0,5.0,5.0,0.0,59.97,59.97,0.0,0.0,0.83,0.83,0.0,77.27,77.27,0.0,0.1,0.1
disney,0.0,648.0,648.0,0.0,2.0,2.0,0.0,63.41,63.41,0.0,0.0,0.31,0.31,0.0,90.0,90.0,0.0,0.1,0.1
dermacol,0.0,503.0,503.0,0.0,6.0,6.0,0.0,63.86,63.86,0.0,0.0,1.19,1.19,0.0,73.91,73.91,0.0,0.13,0.13
hayali,0.0,553.0,553.0,0.0,1.0,1.0,0.0,64.35,64.35,0.0,0.0,0.18,0.18,0.0,50.0,50.0,0.0,0.12,0.12
a-case,0.0,869.0,869.0,0.0,9.0,9.0,0.0,64.89,64.89,0.0,0.0,1.04,1.04,0.0,55.0,55.0,0.0,0.07,0.07
kapika,0.0,870.0,870.0,0.0,1.0,1.0,0.0,72.05,72.05,0.0,0.0,0.11,0.11,0.0,93.75,93.75,0.0,0.08,0.08
annaanna,0.0,994.0,994.0,0.0,3.0,3.0,0.0,79.27,79.27,0.0,0.0,0.3,0.3,0.0,70.0,70.0,0.0,0.08,0.08
parkmaster,0.0,716.0,716.0,0.0,1.0,1.0,0.0,81.08,81.08,0.0,0.0,0.14,0.14,0.0,93.33,93.33,0.0,0.11,0.11
shell,0.0,899.0,899.0,0.0,4.0,4.0,0.0,81.33,81.33,0.0,0.0,0.44,0.44,0.0,90.7,90.7,0.0,0.09,0.09
darina,1247.0,1351.0,104.0,13.0,12.0,-1.0,1968.2,2050.87,82.67,4.2,1.04,0.89,-0.15,43.48,63.64,20.16,1.58,1.52,-0.06
tarkett,0.0,1840.0,1840.0,0.0,12.0,12.0,0.0,86.34,86.34,0.0,0.0,0.65,0.65,0.0,88.57,88.57,0.0,0.05,0.05
alvitek,0.0,559.0,559.0,0.0,6.0,6.0,0.0,88.79,88.79,0.0,0.0,1.07,1.07,0.0,70.0,70.0,0.0,0.16,0.16
dobrusskijfarforovyjzavod,0.0,1160.0,1160.0,0.0,1.0,1.0,0.0,91.47,91.47,0.0,0.0,0.09,0.09,0.0,75.0,75.0,0.0,0.08,0.08
brateck,0.0,568.0,568.0,0.0,4.0,4.0,0.0,93.4,93.4,0.0,0.0,0.7,0.7,0.0,87.88,87.88,0.0,0.16,0.16
gosh,0.0,552.0,552.0,0.0,7.0,7.0,0.0,93.95,93.95,0.0,0.0,1.27,1.27,0.0,73.08,73.08,0.0,0.17,0.17
carters,0.0,549.0,549.0,0.0,3.0,3.0,0.0,98.97,98.97,0.0,0.0,0.55,0.55,0.0,40.0,40.0,0.0,0.18,0.18
tramontina,0.0,1616.0,1616.0,0.0,5.0,5.0,0.0,100.18,100.18,0.0,0.0,0.31,0.31,0.0,84.85,84.85,0.0,0.06,0.06
maxvi,0.0,1130.0,1130.0,0.0,8.0,8.0,0.0,106.05,106.05,0.0,0.0,0.71,0.71,0.0,77.14,77.14,0.0,0.09,0.09
verloni,0.0,502.0,502.0,0.0,4.0,4.0,0.0,109.28,109.28,0.0,0.0,0.8,0.8,0.0,33.33,33.33,0.0,0.22,0.22
nutrilon,0.0,592.0,592.0,0.0,9.0,9.0,0.0,109.89,109.89,0.0,0.0,1.52,1.52,0.0,70.0,70.0,0.0,0.19,0.19
d-link,0.0,533.0,533.0,0.0,4.0,4.0,0.0,111.13,111.13,0.0,0.0,0.75,0.75,0.0,63.64,63.64,0.0,0.21,0.21
columbia,0.0,519.0,519.0,0.0,1.0,1.0,0.0,118.38,118.38,0.0,0.0,0.19,0.19,0.0,66.67,66.67,0.0,0.23,0.23
vinzer,0.0,783.0,783.0,0.0,2.0,2.0,0.0,122.48,122.48,0.0,0.0,0.26,0.26,0.0,88.89,88.89,0.0,0.16,0.16
inoi,2076.0,1883.0,-193.0,20.0,20.0,0.0,870.56,994.71,124.15,14.26,0.96,1.06,0.1,44.44,63.64,19.2,0.42,0.53,0.11
stayer,0.0,776.0,776.0,0.0,3.0,3.0,0.0,125.83,125.83,0.0,0.0,0.39,0.39,0.0,86.96,86.96,0.0,0.16,0.16
resanta,0.0,778.0,778.0,0.0,3.0,3.0,0.0,126.57,126.57,0.0,0.0,0.39,0.39,0.0,85.71,85.71,0.0,0.16,0.16
milavitsa,0.0,2209.0,2209.0,0.0,3.0,3.0,0.0,126.71,126.71,0.0,0.0,0.14,0.14,0.0,88.46,88.46,0.0,0.06,0.06
olmio,0.0,584.0,584.0,0.0,4.0,4.0,0.0,139.8,139.8,0.0,0.0,0.68,0.68,0.0,82.61,82.61,0.0,0.24,0.24
picard,0.0,1338.0,1338.0,0.0,2.0,2.0,0.0,146.72,146.72,0.0,0.0,0.15,0.15,0.0,80.0,80.0,0.0,0.11,0.11
continent,0.0,827.0,827.0,0.0,12.0,12.0,0.0,147.55,147.55,0.0,0.0,1.45,1.45,0.0,63.64,63.64,0.0,0.18,0.18
missha,0.0,561.0,561.0,0.0,6.0,6.0,0.0,150.07,150.07,0.0,0.0,1.07,1.07,0.0,53.85,53.85,0.0,0.27,0.27
novline,0.0,1024.0,1024.0,0.0,5.0,5.0,0.0,153.37,153.37,0.0,0.0,0.49,0.49,0.0,73.68,73.68,0.0,0.15,0.15
hb,0.0,693.0,693.0,0.0,5.0,5.0,0.0,156.88,156.88,0.0,0.0,0.72,0.72,0.0,78.26,78.26,0.0,0.23,0.23
levenhuk,0.0,823.0,823.0,0.0,4.0,4.0,0.0,159.38,159.38,0.0,0.0,0.49,0.49,0.0,75.0,75.0,0.0,0.19,0.19
wellberg,0.0,561.0,561.0,0.0,4.0,4.0,0.0,161.51,161.51,0.0,0.0,0.71,0.71,0.0,82.61,82.61,0.0,0.29,0.29
jet,1129.0,1288.0,159.0,17.0,23.0,6.0,550.46,712.46,162.0,29.43,1.51,1.79,0.28,39.29,48.89,9.6,0.49,0.55,0.06
redragon,0.0,805.0,805.0,0.0,9.0,9.0,0.0,169.71,169.71,0.0,0.0,1.12,1.12,0.0,70.97,70.97,0.0,0.21,0.21
sparta,0.0,654.0,654.0,0.0,5.0,5.0,0.0,173.76,173.76,0.0,0.0,0.76,0.76,0.0,54.55,54.55,0.0,0.27,0.27
akvaton,0.0,729.0,729.0,0.0,1.0,1.0,0.0,174.34,174.34,0.0,0.0,0.14,0.14,0.0,80.0,80.0,0.0,0.24,0.24
unit,0.0,616.0,616.0,0.0,8.0,8.0,0.0,174.64,174.64,0.0,0.0,1.3,1.3,0.0,73.33,73.33,0.0,0.28,0.28
shagovita,0.0,897.0,897.0,0.0,2.0,2.0,0.0,174.98,174.98,0.0,0.0,0.22,0.22,0.0,80.0,80.0,0.0,0.2,0.2
p.i.t.,0.0,995.0,995.0,0.0,4.0,4.0,0.0,176.27,176.27,0.0,0.0,0.4,0.4,0.0,81.82,81.82,0.0,0.18,0.18
silverlit,0.0,4332.0,4332.0,0.0,4.0,4.0,0.0,185.52,185.52,0.0,0.0,0.09,0.09,0.0,96.4,96.4,0.0,0.04,0.04
scovo,0.0,517.0,517.0,0.0,5.0,5.0,0.0,188.27,188.27,0.0,0.0,0.97,0.97,0.0,44.44,44.44,0.0,0.36,0.36
rombica,0.0,618.0,618.0,0.0,5.0,5.0,0.0,188.3,188.3,0.0,0.0,0.81,0.81,0.0,66.67,66.67,0.0,0.3,0.3
erkaplan,0.0,582.0,582.0,0.0,1.0,1.0,0.0,191.51,191.51,0.0,0.0,0.17,0.17,0.0,90.0,90.0,0.0,0.33,0.33
usams,0.0,527.0,527.0,0.0,4.0,4.0,0.0,191.8,191.8,0.0,0.0,0.76,0.76,0.0,73.33,73.33,0.0,0.36,0.36
clatronic,1015.0,874.0,-141.0,2.0,5.0,3.0,73.33,270.29,196.96,268.59,0.2,0.57,0.37,66.67,58.33,-8.34,0.07,0.31,0.24
pupa,0.0,1055.0,1055.0,0.0,15.0,15.0,0.0,197.51,197.51,0.0,0.0,1.42,1.42,0.0,70.0,70.0,0.0,0.19,0.19
arua,0.0,605.0,605.0,0.0,5.0,5.0,0.0,198.13,198.13,0.0,0.0,0.83,0.83,0.0,64.29,64.29,0.0,0.33,0.33
tamaris,0.0,933.0,933.0,0.0,3.0,3.0,0.0,199.23,199.23,0.0,0.0,0.32,0.32,0.0,76.92,76.92,0.0,0.21,0.21
drjart,0.0,830.0,830.0,0.0,7.0,7.0,0.0,200.62,200.62,0.0,0.0,0.84,0.84,0.0,70.83,70.83,0.0,0.24,0.24
jordan,0.0,1707.0,1707.0,0.0,2.0,2.0,0.0,205.42,205.42,0.0,0.0,0.12,0.12,0.0,87.5,87.5,0.0,0.12,0.12
denn,0.0,672.0,672.0,0.0,9.0,9.0,0.0,212.91,212.91,0.0,0.0,1.34,1.34,0.0,75.0,75.0,0.0,0.32,0.32
grow-with-me,0.0,592.0,592.0,0.0,6.0,6.0,0.0,216.2,216.2,0.0,0.0,1.01,1.01,0.0,71.43,71.43,0.0,0.37,0.37
elikor,0.0,511.0,511.0,0.0,2.0,2.0,0.0,223.41,223.41,0.0,0.0,0.39,0.39,0.0,86.67,86.67,0.0,0.44,0.44
navitel,1552.0,998.0,-554.0,11.0,15.0,4.0,1127.68,1355.44,227.76,20.2,0.71,1.5,0.79,54.17,25.0,-29.17,0.73,1.36,0.63
bruder,0.0,1261.0,1261.0,0.0,3.0,3.0,0.0,230.15,230.15,0.0,0.0,0.24,0.24,0.0,88.46,88.46,0.0,0.18,0.18
beats,603.0,541.0,-62.0,5.0,7.0,2.0,1392.44,1626.1,233.66,16.78,0.83,1.29,0.46,28.57,53.33,24.76,2.31,3.01,0.7
vichy,0.0,737.0,737.0,0.0,11.0,11.0,0.0,235.22,235.22,0.0,0.0,1.49,1.49,0.0,69.44,69.44,0.0,0.32,0.32
norfin,0.0,1698.0,1698.0,0.0,6.0,6.0,0.0,239.74,239.74,0.0,0.0,0.35,0.35,0.0,73.91,73.91,0.0,0.14,0.14
gezatone,0.0,522.0,522.0,0.0,5.0,5.0,0.0,241.97,241.97,0.0,0.0,0.96,0.96,0.0,54.55,54.55,0.0,0.46,0.46
trollbeads,0.0,1206.0,1206.0,0.0,3.0,3.0,0.0,246.28,246.28,0.0,0.0,0.25,0.25,0.0,50.0,50.0,0.0,0.2,0.2
deluxe,0.0,1175.0,1175.0,0.0,14.0,14.0,0.0,249.44,249.44,0.0,0.0,1.19,1.19,0.0,67.44,67.44,0.0,0.21,0.21
bardahl,0.0,587.0,587.0,0.0,9.0,9.0,0.0,254.32,254.32,0.0,0.0,1.53,1.53,0.0,65.38,65.38,0.0,0.43,0.43
bsa-wheels,0.0,521.0,521.0,0.0,1.0,1.0,0.0,258.44,258.44,0.0,0.0,0.19,0.19,0.0,93.75,93.75,0.0,0.5,0.5
adata,0.0,587.0,587.0,0.0,7.0,7.0,0.0,264.58,264.58,0.0,0.0,1.19,1.19,0.0,75.86,75.86,0.0,0.45,0.45
escan,0.0,1132.0,1132.0,0.0,6.0,6.0,0.0,266.93,266.93,0.0,0.0,0.53,0.53,0.0,72.73,72.73,0.0,0.24,0.24
yoya,0.0,600.0,600.0,0.0,3.0,3.0,0.0,267.15,267.15,0.0,0.0,0.5,0.5,0.0,57.14,57.14,0.0,0.45,0.45
coballe,0.0,864.0,864.0,0.0,4.0,4.0,0.0,270.61,270.61,0.0,0.0,0.46,0.46,0.0,81.82,81.82,0.0,0.31,0.31
x-game,0.0,1727.0,1727.0,0.0,11.0,11.0,0.0,275.75,275.75,0.0,0.0,0.64,0.64,0.0,82.26,82.26,0.0,0.16,0.16
turbo,992.0,1246.0,254.0,12.0,16.0,4.0,743.61,1024.01,280.4,37.71,1.21,1.28,0.07,33.33,63.64,30.31,0.75,0.82,0.07
oral-b,0.0,697.0,697.0,0.0,9.0,9.0,0.0,284.44,284.44,0.0,0.0,1.29,1.29,0.0,78.57,78.57,0.0,0.41,0.41
native,0.0,816.0,816.0,0.0,2.0,2.0,0.0,288.24,288.24,0.0,0.0,0.25,0.25,0.0,84.62,84.62,0.0,0.35,0.35
edufun,853.0,1129.0,276.0,5.0,7.0,2.0,488.95,777.2,288.25,58.95,0.59,0.62,0.03,66.67,81.58,14.91,0.57,0.69,0.12
tomahawk,0.0,952.0,952.0,0.0,3.0,3.0,0.0,293.43,293.43,0.0,0.0,0.32,0.32,0.0,81.25,81.25,0.0,0.31,0.31
decoroom,0.0,787.0,787.0,0.0,10.0,10.0,0.0,304.83,304.83,0.0,0.0,1.27,1.27,0.0,69.7,69.7,0.0,0.39,0.39
harley-davidson,0.0,1249.0,1249.0,0.0,1.0,1.0,0.0,306.31,306.31,0.0,0.0,0.08,0.08,0.0,66.67,66.67,0.0,0.25,0.25
dkny,0.0,602.0,602.0,0.0,2.0,2.0,0.0,307.6,307.6,0.0,0.0,0.33,0.33,0.0,88.24,88.24,0.0,0.51,0.51
mykronoz,0.0,690.0,690.0,0.0,5.0,5.0,0.0,310.34,310.34,0.0,0.0,0.72,0.72,0.0,54.55,54.55,0.0,0.45,0.45
maxler,0.0,586.0,586.0,0.0,8.0,8.0,0.0,310.57,310.57,0.0,0.0,1.37,1.37,0.0,65.22,65.22,0.0,0.53,0.53
ubisoft,0.0,821.0,821.0,0.0,12.0,12.0,0.0,315.11,315.11,0.0,0.0,1.46,1.46,0.0,76.0,76.0,0.0,0.38,0.38
balta,0.0,943.0,943.0,0.0,5.0,5.0,0.0,320.17,320.17,0.0,0.0,0.53,0.53,0.0,68.75,68.75,0.0,0.34,0.34
rondell,5850.0,6392.0,542.0,59.0,53.0,-6.0,2717.62,3040.53,322.91,11.88,1.01,0.83,-0.18,39.18,70.06,30.88,0.46,0.48,0.02
alpina,568.0,583.0,15.0,0.0,2.0,2.0,0.0,330.51,330.51,0.0,0.0,0.34,0.34,0.0,75.0,75.0,0.0,0.57,0.57
danielklein,0.0,909.0,909.0,0.0,8.0,8.0,0.0,331.79,331.79,0.0,0.0,0.88,0.88,0.0,60.0,60.0,0.0,0.37,0.37
adriatica,0.0,569.0,569.0,0.0,2.0,2.0,0.0,344.16,344.16,0.0,0.0,0.35,0.35,0.0,71.43,71.43,0.0,0.6,0.6
fossil,0.0,1365.0,1365.0,0.0,2.0,2.0,0.0,349.04,349.04,0.0,0.0,0.15,0.15,0.0,84.62,84.62,0.0,0.26,0.26
gross,0.0,592.0,592.0,0.0,3.0,3.0,0.0,349.52,349.52,0.0,0.0,0.51,0.51,0.0,50.0,50.0,0.0,0.59,0.59
bestway,0.0,1642.0,1642.0,0.0,7.0,7.0,0.0,350.72,350.72,0.0,0.0,0.43,0.43,0.0,75.0,75.0,0.0,0.21,0.21
canyon,3082.0,2268.0,-814.0,29.0,36.0,7.0,1122.94,1476.83,353.89,31.51,0.94,1.59,0.65,52.46,56.1,3.64,0.36,0.65,0.29
reebok,0.0,1707.0,1707.0,0.0,3.0,3.0,0.0,354.45,354.45,0.0,0.0,0.18,0.18,0.0,84.21,84.21,0.0,0.21,0.21
amouage,0.0,727.0,727.0,0.0,1.0,1.0,0.0,363.46,363.46,0.0,0.0,0.14,0.14,0.0,66.67,66.67,0.0,0.5,0.5
covani,0.0,798.0,798.0,0.0,3.0,3.0,0.0,364.74,364.74,0.0,0.0,0.38,0.38,0.0,76.92,76.92,0.0,0.46,0.46
vako,0.0,680.0,680.0,0.0,4.0,4.0,0.0,365.77,365.77,0.0,0.0,0.59,0.59,0.0,76.47,76.47,0.0,0.54,0.54
kenzo,0.0,551.0,551.0,0.0,4.0,4.0,0.0,377.07,377.07,0.0,0.0,0.73,0.73,0.0,80.95,80.95,0.0,0.68,0.68
gerat,0.0,2734.0,2734.0,0.0,6.0,6.0,0.0,384.2,384.2,0.0,0.0,0.22,0.22,0.0,83.33,83.33,0.0,0.14,0.14
babytime,0.0,1238.0,1238.0,0.0,6.0,6.0,0.0,386.65,386.65,0.0,0.0,0.48,0.48,0.0,62.5,62.5,0.0,0.31,0.31
lux,0.0,1170.0,1170.0,0.0,4.0,4.0,0.0,391.26,391.26,0.0,0.0,0.34,0.34,0.0,77.78,77.78,0.0,0.33,0.33
delmax,0.0,656.0,656.0,0.0,10.0,10.0,0.0,394.31,394.31,0.0,0.0,1.52,1.52,0.0,75.0,75.0,0.0,0.6,0.6
axper,0.0,633.0,633.0,0.0,5.0,5.0,0.0,397.65,397.65,0.0,0.0,0.79,0.79,0.0,61.54,61.54,0.0,0.63,0.63
montblanc,0.0,738.0,738.0,0.0,10.0,10.0,0.0,400.1,400.1,0.0,0.0,1.36,1.36,0.0,79.17,79.17,0.0,0.54,0.54
syma,0.0,569.0,569.0,0.0,2.0,2.0,0.0,401.56,401.56,0.0,0.0,0.35,0.35,0.0,83.33,83.33,0.0,0.71,0.71
tonybellucci,0.0,792.0,792.0,0.0,6.0,6.0,0.0,405.16,405.16,0.0,0.0,0.76,0.76,0.0,53.85,53.85,0.0,0.51,0.51
aplus,0.0,618.0,618.0,0.0,10.0,10.0,0.0,421.11,421.11,0.0,0.0,1.62,1.62,0.0,81.48,81.48,0.0,0.68,0.68
stanley,0.0,3072.0,3072.0,0.0,9.0,9.0,0.0,424.99,424.99,0.0,0.0,0.29,0.29,0.0,80.85,80.85,0.0,0.14,0.14
steelseries,0.0,718.0,718.0,0.0,9.0,9.0,0.0,425.81,425.81,0.0,0.0,1.25,1.25,0.0,71.88,71.88,0.0,0.59,0.59
mart,1492.0,1557.0,65.0,8.0,22.0,14.0,570.52,998.52,428.0,75.02,0.54,1.41,0.87,57.89,66.67,8.78,0.38,0.64,0.26
kukmara,0.0,1053.0,1053.0,0.0,13.0,13.0,0.0,428.55,428.55,0.0,0.0,1.23,1.23,0.0,71.74,71.74,0.0,0.41,0.41
doogee,0.0,1457.0,1457.0,0.0,3.0,3.0,0.0,431.12,431.12,0.0,0.0,0.21,0.21,0.0,78.57,78.57,0.0,0.3,0.3
barneo,0.0,558.0,558.0,0.0,5.0,5.0,0.0,441.7,441.7,0.0,0.0,0.9,0.9,0.0,75.0,75.0,0.0,0.79,0.79
huggies,0.0,1011.0,1011.0,0.0,35.0,35.0,0.0,443.3,443.3,0.0,0.0,3.46,3.46,0.0,56.25,56.25,0.0,0.44,0.44
evrodetal,0.0,553.0,553.0,0.0,2.0,2.0,0.0,444.28,444.28,0.0,0.0,0.36,0.36,0.0,84.62,84.62,0.0,0.8,0.8
thermex,1288.0,1121.0,-167.0,23.0,31.0,8.0,2612.33,3058.67,446.34,17.09,1.79,2.77,0.98,28.13,59.21,31.08,2.03,2.73,0.7
marcomenti,0.0,1378.0,1378.0,0.0,3.0,3.0,0.0,455.61,455.61,0.0,0.0,0.22,0.22,0.0,78.57,78.57,0.0,0.33,0.33
petek,0.0,1495.0,1495.0,0.0,7.0,7.0,0.0,459.23,459.23,0.0,0.0,0.47,0.47,0.0,77.42,77.42,0.0,0.31,0.31
axis,0.0,852.0,852.0,0.0,3.0,3.0,0.0,467.71,467.71,0.0,0.0,0.35,0.35,0.0,93.33,93.33,0.0,0.55,0.55
smile,0.0,981.0,981.0,0.0,10.0,10.0,0.0,471.65,471.65,0.0,0.0,1.02,1.02,0.0,58.33,58.33,0.0,0.48,0.48
bose,0.0,540.0,540.0,0.0,1.0,1.0,0.0,477.46,477.46,0.0,0.0,0.19,0.19,0.0,75.0,75.0,0.0,0.88,0.88
bambola,0.0,785.0,785.0,0.0,9.0,9.0,0.0,487.74,487.74,0.0,0.0,1.15,1.15,0.0,60.87,60.87,0.0,0.62,0.62
mutant,0.0,595.0,595.0,0.0,12.0,12.0,0.0,489.08,489.08,0.0,0.0,2.02,2.02,0.0,60.0,60.0,0.0,0.82,0.82
karat,0.0,1609.0,1609.0,0.0,9.0,9.0,0.0,494.25,494.25,0.0,0.0,0.56,0.56,0.0,78.57,78.57,0.0,0.31,0.31
trust,0.0,1716.0,1716.0,0.0,9.0,9.0,0.0,498.08,498.08,0.0,0.0,0.52,0.52,0.0,81.25,81.25,0.0,0.29,0.29
anytek,0.0,886.0,886.0,0.0,6.0,6.0,0.0,499.39,499.39,0.0,0.0,0.68,0.68,0.0,75.0,75.0,0.0,0.56,0.56
ryobi,740.0,709.0,-31.0,1.0,3.0,2.0,93.93,611.71,517.78,551.24,0.14,0.42,0.28,0.0,50.0,50.0,0.13,0.86,0.73
garvalin,0.0,1285.0,1285.0,0.0,8.0,8.0,0.0,523.82,523.82,0.0,0.0,0.62,0.62,0.0,55.56,55.56,0.0,0.41,0.41
flight,0.0,645.0,645.0,0.0,6.0,6.0,0.0,536.7,536.7,0.0,0.0,0.93,0.93,0.0,70.0,70.0,0.0,0.83,0.83
kolner,0.0,1792.0,1792.0,0.0,14.0,14.0,0.0,536.95,536.95,0.0,0.0,0.78,0.78,0.0,74.55,74.55,0.0,0.3,0.3
bene,0.0,1368.0,1368.0,0.0,20.0,20.0,0.0,537.2,537.2,0.0,0.0,1.46,1.46,0.0,44.44,44.44,0.0,0.39,0.39
bartek,0.0,537.0,537.0,0.0,7.0,7.0,0.0,537.99,537.99,0.0,0.0,1.3,1.3,0.0,56.25,56.25,0.0,1.0,1.0
aoteli,0.0,644.0,644.0,0.0,11.0,11.0,0.0,541.08,541.08,0.0,0.0,1.71,1.71,0.0,77.55,77.55,0.0,0.84,0.84
shimano,0.0,547.0,547.0,0.0,4.0,4.0,0.0,548.2,548.2,0.0,0.0,0.73,0.73,0.0,50.0,50.0,0.0,1.0,1.0
zelmer,0.0,605.0,605.0,0.0,7.0,7.0,0.0,549.51,549.51,0.0,0.0,1.16,1.16,0.0,61.11,61.11,0.0,0.91,0.91
maxtrek,0.0,804.0,804.0,0.0,7.0,7.0,0.0,555.99,555.99,0.0,0.0,0.87,0.87,0.0,68.18,68.18,0.0,0.69,0.69
defender,0.0,3708.0,3708.0,0.0,53.0,53.0,0.0,573.81,573.81,0.0,0.0,1.43,1.43,0.0,63.7,63.7,0.0,0.15,0.15
hasbro,0.0,1552.0,1552.0,0.0,11.0,11.0,0.0,584.78,584.78,0.0,0.0,0.71,0.71,0.0,71.79,71.79,0.0,0.38,0.38
nakamichi,0.0,699.0,699.0,0.0,7.0,7.0,0.0,596.91,596.91,0.0,0.0,1.0,1.0,0.0,66.67,66.67,0.0,0.85,0.85
centurion,0.0,924.0,924.0,0.0,7.0,7.0,0.0,600.63,600.63,0.0,0.0,0.76,0.76,0.0,83.72,83.72,0.0,0.65,0.65
peterhof,0.0,736.0,736.0,0.0,8.0,8.0,0.0,604.72,604.72,0.0,0.0,1.09,1.09,0.0,71.43,71.43,0.0,0.82,0.82
berghoff,1709.0,1863.0,154.0,5.0,12.0,7.0,397.42,1002.83,605.41,152.34,0.29,0.64,0.35,75.0,65.71,-9.29,0.23,0.54,0.31
ritmix,0.0,4572.0,4572.0,0.0,38.0,38.0,0.0,607.1,607.1,0.0,0.0,0.83,0.83,0.0,74.15,74.15,0.0,0.13,0.13
bergner,0.0,1331.0,1331.0,0.0,13.0,13.0,0.0,611.08,611.08,0.0,0.0,0.98,0.98,0.0,48.0,48.0,0.0,0.46,0.46
maunfeld,0.0,605.0,605.0,0.0,5.0,5.0,0.0,615.34,615.34,0.0,0.0,0.83,0.83,0.0,77.27,77.27,0.0,1.02,1.02
conceptclub,0.0,7635.0,7635.0,0.0,17.0,17.0,0.0,615.99,615.99,0.0,0.0,0.22,0.22,0.0,75.71,75.71,0.0,0.08,0.08
rial,0.0,565.0,565.0,0.0,2.0,2.0,0.0,616.61,616.61,0.0,0.0,0.35,0.35,0.0,85.71,85.71,0.0,1.09,1.09
adidas,0.0,2318.0,2318.0,0.0,6.0,6.0,0.0,617.76,617.76,0.0,0.0,0.26,0.26,0.0,85.37,85.37,0.0,0.27,0.27
oursson,0.0,836.0,836.0,0.0,5.0,5.0,0.0,617.89,617.89,0.0,0.0,0.6,0.6,0.0,87.8,87.8,0.0,0.74,0.74
bertoni,0.0,742.0,742.0,0.0,8.0,8.0,0.0,619.26,619.26,0.0,0.0,1.08,1.08,0.0,57.89,57.89,0.0,0.83,0.83
kumho,0.0,570.0,570.0,0.0,9.0,9.0,0.0,620.09,620.09,0.0,0.0,1.58,1.58,0.0,80.0,80.0,0.0,1.09,1.09
celestron,0.0,666.0,666.0,0.0,2.0,2.0,0.0,625.5,625.5,0.0,0.0,0.3,0.3,0.0,75.0,75.0,0.0,0.94,0.94
vihr,0.0,1028.0,1028.0,0.0,14.0,14.0,0.0,631.91,631.91,0.0,0.0,1.36,1.36,0.0,65.85,65.85,0.0,0.61,0.61
renova,0.0,535.0,535.0,0.0,8.0,8.0,0.0,634.73,634.73,0.0,0.0,1.5,1.5,0.0,55.56,55.56,0.0,1.19,1.19
sonel,0.0,736.0,736.0,0.0,6.0,6.0,0.0,635.02,635.02,0.0,0.0,0.82,0.82,0.0,77.78,77.78,0.0,0.86,0.86
partner,0.0,547.0,547.0,0.0,6.0,6.0,0.0,635.34,635.34,0.0,0.0,1.1,1.1,0.0,60.0,60.0,0.0,1.16,1.16
puma,0.0,1613.0,1613.0,0.0,7.0,7.0,0.0,638.88,638.88,0.0,0.0,0.43,0.43,0.0,61.11,61.11,0.0,0.4,0.4
gipfel,0.0,1450.0,1450.0,0.0,5.0,5.0,0.0,639.0,639.0,0.0,0.0,0.34,0.34,0.0,58.33,58.33,0.0,0.44,0.44
ccm,0.0,581.0,581.0,0.0,6.0,6.0,0.0,643.51,643.51,0.0,0.0,1.03,1.03,0.0,50.0,50.0,0.0,1.11,1.11
zubr,0.0,1994.0,1994.0,0.0,12.0,12.0,0.0,652.87,652.87,0.0,0.0,0.6,0.6,0.0,70.0,70.0,0.0,0.33,0.33
razer,0.0,882.0,882.0,0.0,8.0,8.0,0.0,668.4,668.4,0.0,0.0,0.91,0.91,0.0,57.89,57.89,0.0,0.76,0.76
vega,0.0,3931.0,3931.0,0.0,25.0,25.0,0.0,674.49,674.49,0.0,0.0,0.64,0.64,0.0,69.14,69.14,0.0,0.17,0.17
millionaire,0.0,1345.0,1345.0,0.0,9.0,9.0,0.0,676.18,676.18,0.0,0.0,0.67,0.67,0.0,72.73,72.73,0.0,0.5,0.5
seagate,0.0,953.0,953.0,0.0,10.0,10.0,0.0,679.45,679.45,0.0,0.0,1.05,1.05,0.0,80.77,80.77,0.0,0.71,0.71
swat,0.0,1517.0,1517.0,0.0,12.0,12.0,0.0,682.39,682.39,0.0,0.0,0.79,0.79,0.0,70.73,70.73,0.0,0.45,0.45
acme,0.0,1554.0,1554.0,0.0,12.0,12.0,0.0,693.34,693.34,0.0,0.0,0.77,0.77,0.0,65.71,65.71,0.0,0.45,0.45
volta,0.0,908.0,908.0,0.0,17.0,17.0,0.0,693.49,693.49,0.0,0.0,1.87,1.87,0.0,71.67,71.67,0.0,0.76,0.76
mebelswow-rn,0.0,702.0,702.0,0.0,7.0,7.0,0.0,693.7,693.7,0.0,0.0,1.0,1.0,0.0,74.07,74.07,0.0,0.99,0.99
moldabela,0.0,715.0,715.0,0.0,4.0,4.0,0.0,696.54,696.54,0.0,0.0,0.56,0.56,0.0,77.78,77.78,0.0,0.97,0.97
llorens,0.0,1543.0,1543.0,0.0,16.0,16.0,0.0,699.35,699.35,0.0,0.0,1.04,1.04,0.0,58.97,58.97,0.0,0.45,0.45
mebelson,0.0,885.0,885.0,0.0,2.0,2.0,0.0,700.87,700.87,0.0,0.0,0.23,0.23,0.0,75.0,75.0,0.0,0.79,0.79
versale,0.0,777.0,777.0,0.0,7.0,7.0,0.0,707.31,707.31,0.0,0.0,0.9,0.9,0.0,58.82,58.82,0.0,0.91,0.91
ovation,0.0,940.0,940.0,0.0,15.0,15.0,0.0,718.43,718.43,0.0,0.0,1.6,1.6,0.0,71.7,71.7,0.0,0.76,0.76
velvet,0.0,929.0,929.0,0.0,4.0,4.0,0.0,723.99,723.99,0.0,0.0,0.43,0.43,0.0,76.47,76.47,0.0,0.78,0.78
sailun,0.0,535.0,535.0,0.0,12.0,12.0,0.0,724.98,724.98,0.0,0.0,2.24,2.24,0.0,68.42,68.42,0.0,1.36,1.36
mazzini,0.0,1189.0,1189.0,0.0,19.0,19.0,0.0,726.45,726.45,0.0,0.0,1.6,1.6,0.0,82.73,82.73,0.0,0.61,0.61
babyswing,0.0,565.0,565.0,0.0,9.0,9.0,0.0,730.7,730.7,0.0,0.0,1.59,1.59,0.0,74.29,74.29,0.0,1.29,1.29
eltempo,0.0,519.0,519.0,0.0,9.0,9.0,0.0,731.05,731.05,0.0,0.0,1.73,1.73,0.0,59.09,59.09,0.0,1.41,1.41
geil,0.0,1114.0,1114.0,0.0,16.0,16.0,0.0,748.04,748.04,0.0,0.0,1.44,1.44,0.0,68.63,68.63,0.0,0.67,0.67
farroad,0.0,945.0,945.0,0.0,13.0,13.0,0.0,762.17,762.17,0.0,0.0,1.38,1.38,0.0,81.69,81.69,0.0,0.81,0.81
hertz,0.0,998.0,998.0,0.0,7.0,7.0,0.0,764.86,764.86,0.0,0.0,0.7,0.7,0.0,69.57,69.57,0.0,0.77,0.77
whirlpool,741.0,858.0,117.0,2.0,3.0,1.0,1565.24,2334.4,769.16,49.14,0.27,0.35,0.08,0.0,66.67,66.67,2.11,2.72,0.61
rooman,0.0,2379.0,2379.0,0.0,13.0,13.0,0.0,787.67,787.67,0.0,0.0,0.55,0.55,0.0,75.0,75.0,0.0,0.33,0.33
lacoste,0.0,973.0,973.0,0.0,14.0,14.0,0.0,788.2,788.2,0.0,0.0,1.44,1.44,0.0,77.78,77.78,0.0,0.81,0.81
tp-link,5091.0,4736.0,-355.0,101.0,94.0,-7.0,6830.95,7620.49,789.54,11.56,1.98,1.98,0.0,17.21,59.48,42.27,1.34,1.61,0.27
deepcool,0.0,1731.0,1731.0,0.0,27.0,27.0,0.0,798.53,798.53,0.0,0.0,1.56,1.56,0.0,65.82,65.82,0.0,0.46,0.46
dunlop,0.0,971.0,971.0,0.0,8.0,8.0,0.0,803.5,803.5,0.0,0.0,0.82,0.82,0.0,87.3,87.3,0.0,0.83,0.83
gree,0.0,898.0,898.0,0.0,3.0,3.0,0.0,819.01,819.01,0.0,0.0,0.33,0.33,0.0,89.66,89.66,0.0,0.91,0.91
burgerschuhe,0.0,1440.0,1440.0,0.0,8.0,8.0,0.0,825.26,825.26,0.0,0.0,0.56,0.56,0.0,68.0,68.0,0.0,0.57,0.57
casper,0.0,608.0,608.0,0.0,8.0,8.0,0.0,843.26,843.26,0.0,0.0,1.32,1.32,0.0,42.86,42.86,0.0,1.39,1.39
irbis,0.0,1339.0,1339.0,0.0,10.0,10.0,0.0,845.19,845.19,0.0,0.0,0.75,0.75,0.0,58.33,58.33,0.0,0.63,0.63
matrix,0.0,2392.0,2392.0,0.0,15.0,15.0,0.0,846.04,846.04,0.0,0.0,0.63,0.63,0.0,70.59,70.59,0.0,0.35,0.35
bodysculpture,0.0,691.0,691.0,0.0,2.0,2.0,0.0,846.48,846.48,0.0,0.0,0.29,0.29,0.0,92.31,92.31,0.0,1.23,1.23
trebl,0.0,2396.0,2396.0,0.0,10.0,10.0,0.0,855.63,855.63,0.0,0.0,0.42,0.42,0.0,93.63,93.63,0.0,0.36,0.36
bauer,0.0,1118.0,1118.0,0.0,15.0,15.0,0.0,855.71,855.71,0.0,0.0,1.34,1.34,0.0,53.13,53.13,0.0,0.77,0.77
lancome,0.0,720.0,720.0,0.0,12.0,12.0,0.0,861.84,861.84,0.0,0.0,1.67,1.67,0.0,73.33,73.33,0.0,1.2,1.2
diamant,0.0,604.0,604.0,0.0,6.0,6.0,0.0,867.98,867.98,0.0,0.0,0.99,0.99,0.0,57.14,57.14,0.0,1.44,1.44
sava,0.0,830.0,830.0,0.0,11.0,11.0,0.0,875.5,875.5,0.0,0.0,1.33,1.33,0.0,74.42,74.42,0.0,1.05,1.05
saturn,0.0,2606.0,2606.0,0.0,19.0,19.0,0.0,884.31,884.31,0.0,0.0,0.73,0.73,0.0,72.86,72.86,0.0,0.34,0.34
triton,0.0,646.0,646.0,0.0,2.0,2.0,0.0,894.14,894.14,0.0,0.0,0.31,0.31,0.0,85.71,85.71,0.0,1.38,1.38
changhong,1661.0,1824.0,163.0,27.0,29.0,2.0,5732.67,6630.12,897.45,15.66,1.63,1.59,-0.04,6.9,61.84,54.94,3.45,3.63,0.18
toyota,0.0,584.0,584.0,0.0,6.0,6.0,0.0,901.67,901.67,0.0,0.0,1.03,1.03,0.0,68.42,68.42,0.0,1.54,1.54
nitto,0.0,666.0,666.0,0.0,11.0,11.0,0.0,908.88,908.88,0.0,0.0,1.65,1.65,0.0,66.67,66.67,0.0,1.36,1.36
cougar,0.0,525.0,525.0,0.0,9.0,9.0,0.0,910.43,910.43,0.0,0.0,1.71,1.71,0.0,47.06,47.06,0.0,1.73,1.73
wonlex,0.0,2790.0,2790.0,0.0,26.0,26.0,0.0,916.03,916.03,0.0,0.0,0.93,0.93,0.0,70.11,70.11,0.0,0.33,0.33
komfort-s,0.0,1311.0,1311.0,0.0,3.0,3.0,0.0,921.7,921.7,0.0,0.0,0.23,0.23,0.0,76.92,76.92,0.0,0.7,0.7
brother,1151.0,1519.0,368.0,14.0,17.0,3.0,1405.75,2331.7,925.95,65.87,1.22,1.12,-0.1,36.36,76.39,40.03,1.22,1.54,0.32
m-audio,0.0,593.0,593.0,0.0,6.0,6.0,0.0,930.62,930.62,0.0,0.0,1.01,1.01,0.0,66.67,66.67,0.0,1.57,1.57
shenma,0.0,630.0,630.0,0.0,16.0,16.0,0.0,934.39,934.39,0.0,0.0,2.54,2.54,0.0,33.33,33.33,0.0,1.48,1.48
swisshome,0.0,917.0,917.0,0.0,7.0,7.0,0.0,951.37,951.37,0.0,0.0,0.76,0.76,0.0,73.08,73.08,0.0,1.04,1.04
pt-group,0.0,1517.0,1517.0,0.0,4.0,4.0,0.0,952.42,952.42,0.0,0.0,0.26,0.26,0.0,81.82,81.82,0.0,0.63,0.63
fujifilm,0.0,828.0,828.0,0.0,8.0,8.0,0.0,968.82,968.82,0.0,0.0,0.97,0.97,0.0,77.78,77.78,0.0,1.17,1.17
alesis,0.0,591.0,591.0,0.0,6.0,6.0,0.0,976.44,976.44,0.0,0.0,1.02,1.02,0.0,66.67,66.67,0.0,1.65,1.65
arnica,0.0,2240.0,2240.0,0.0,7.0,7.0,0.0,987.98,987.98,0.0,0.0,0.31,0.31,0.0,90.0,90.0,0.0,0.44,0.44
ikea,0.0,3361.0,3361.0,0.0,20.0,20.0,0.0,1013.78,1013.78,0.0,0.0,0.6,0.6,0.0,73.33,73.33,0.0,0.3,0.3
thermaltake,0.0,1060.0,1060.0,0.0,7.0,7.0,0.0,1020.72,1020.72,0.0,0.0,0.66,0.66,0.0,69.57,69.57,0.0,0.96,0.96
powercolor,0.0,568.0,568.0,0.0,5.0,5.0,0.0,1027.83,1027.83,0.0,0.0,0.88,0.88,0.0,76.19,76.19,0.0,1.81,1.81
artmusical,0.0,1145.0,1145.0,0.0,7.0,7.0,0.0,1037.33,1037.33,0.0,0.0,0.61,0.61,0.0,78.13,78.13,0.0,0.91,0.91
habilead,0.0,1540.0,1540.0,0.0,19.0,19.0,0.0,1047.38,1047.38,0.0,0.0,1.23,1.23,0.0,81.55,81.55,0.0,0.68,0.68
bq,5457.0,5496.0,39.0,46.0,60.0,14.0,2247.2,3297.27,1050.07,46.73,0.84,1.09,0.25,2.13,61.78,59.65,0.41,0.6,0.19
burton,0.0,923.0,923.0,0.0,4.0,4.0,0.0,1059.49,1059.49,0.0,0.0,0.43,0.43,0.0,75.0,75.0,0.0,1.15,1.15
edge,0.0,880.0,880.0,0.0,9.0,9.0,0.0,1088.2,1088.2,0.0,0.0,1.02,1.02,0.0,65.38,65.38,0.0,1.24,1.24
hyundai,0.0,1847.0,1847.0,0.0,12.0,12.0,0.0,1089.75,1089.75,0.0,0.0,0.65,0.65,0.0,83.1,83.1,0.0,0.59,0.59
merelani,0.0,2680.0,2680.0,0.0,12.0,12.0,0.0,1094.76,1094.76,0.0,0.0,0.45,0.45,0.0,62.5,62.5,0.0,0.41,0.41
texet,0.0,3367.0,3367.0,0.0,47.0,47.0,0.0,1132.47,1132.47,0.0,0.0,1.4,1.4,0.0,69.68,69.68,0.0,0.34,0.34
moschino,0.0,1282.0,1282.0,0.0,24.0,24.0,0.0,1142.82,1142.82,0.0,0.0,1.87,1.87,0.0,72.09,72.09,0.0,0.89,0.89
bestoy,0.0,629.0,629.0,0.0,17.0,17.0,0.0,1153.13,1153.13,0.0,0.0,2.7,2.7,0.0,46.88,46.88,0.0,1.83,1.83
kitchenaid,0.0,1135.0,1135.0,0.0,2.0,2.0,0.0,1167.85,1167.85,0.0,0.0,0.18,0.18,0.0,81.82,81.82,0.0,1.03,1.03
htc,0.0,638.0,638.0,0.0,5.0,5.0,0.0,1173.17,1173.17,0.0,0.0,0.78,0.78,0.0,68.75,68.75,0.0,1.84,1.84
stendmebel,0.0,1960.0,1960.0,0.0,6.0,6.0,0.0,1173.96,1173.96,0.0,0.0,0.31,0.31,0.0,83.33,83.33,0.0,0.6,0.6
etor,0.0,2334.0,2334.0,0.0,10.0,10.0,0.0,1178.92,1178.92,0.0,0.0,0.43,0.43,0.0,80.77,80.77,0.0,0.51,0.51
polini,0.0,1046.0,1046.0,0.0,9.0,9.0,0.0,1181.27,1181.27,0.0,0.0,0.86,0.86,0.0,55.0,55.0,0.0,1.13,1.13
willmark,0.0,2675.0,2675.0,0.0,53.0,53.0,0.0,1182.16,1182.16,0.0,0.0,1.98,1.98,0.0,75.0,75.0,0.0,0.44,0.44
galaxy,0.0,5936.0,5936.0,0.0,46.0,46.0,0.0,1188.6,1188.6,0.0,0.0,0.77,0.77,0.0,74.59,74.59,0.0,0.2,0.2
alis,0.0,1045.0,1045.0,0.0,15.0,15.0,0.0,1224.9,1224.9,0.0,0.0,1.44,1.44,0.0,66.67,66.67,0.0,1.17,1.17
rebus,0.0,641.0,641.0,0.0,6.0,6.0,0.0,1226.0,1226.0,0.0,0.0,0.94,0.94,0.0,64.71,64.71,0.0,1.91,1.91
roadstone,0.0,1242.0,1242.0,0.0,19.0,19.0,0.0,1231.94,1231.94,0.0,0.0,1.53,1.53,0.0,78.16,78.16,0.0,0.99,0.99
legre,0.0,1964.0,1964.0,0.0,14.0,14.0,0.0,1239.45,1239.45,0.0,0.0,0.71,0.71,0.0,80.28,80.28,0.0,0.63,0.63
kristal,0.0,504.0,504.0,0.0,5.0,5.0,0.0,1244.24,1244.24,0.0,0.0,0.99,0.99,0.0,80.0,80.0,0.0,2.47,2.47
almada,0.0,940.0,940.0,0.0,6.0,6.0,0.0,1259.33,1259.33,0.0,0.0,0.64,0.64,0.0,77.78,77.78,0.0,1.34,1.34
aimoto,0.0,1980.0,1980.0,0.0,23.0,23.0,0.0,1261.86,1261.86,0.0,0.0,1.16,1.16,0.0,70.13,70.13,0.0,0.64,0.64
hoover,0.0,538.0,538.0,0.0,12.0,12.0,0.0,1266.2,1266.2,0.0,0.0,2.23,2.23,0.0,60.0,60.0,0.0,2.35,2.35
daneildesch,0.0,1241.0,1241.0,0.0,9.0,9.0,0.0,1274.13,1274.13,0.0,0.0,0.73,0.73,0.0,60.87,60.87,0.0,1.03,1.03
domyos,0.0,989.0,989.0,0.0,7.0,7.0,0.0,1284.93,1284.93,0.0,0.0,0.71,0.71,0.0,75.0,75.0,0.0,1.3,1.3
laston,0.0,1139.0,1139.0,0.0,14.0,14.0,0.0,1285.87,1285.87,0.0,0.0,1.23,1.23,0.0,62.16,62.16,0.0,1.13,1.13
bulgari,0.0,1017.0,1017.0,0.0,18.0,18.0,0.0,1307.0,1307.0,0.0,0.0,1.77,1.77,0.0,69.49,69.49,0.0,1.29,1.29
pituso,0.0,992.0,992.0,0.0,14.0,14.0,0.0,1309.43,1309.43,0.0,0.0,1.41,1.41,0.0,41.67,41.67,0.0,1.32,1.32
lego,0.0,4843.0,4843.0,0.0,20.0,20.0,0.0,1317.53,1317.53,0.0,0.0,0.41,0.41,0.0,84.0,84.0,0.0,0.27,0.27
fassen,0.0,3692.0,3692.0,0.0,28.0,28.0,0.0,1322.59,1322.59,0.0,0.0,0.76,0.76,0.0,72.0,72.0,0.0,0.36,0.36
voltman,0.0,678.0,678.0,0.0,18.0,18.0,0.0,1327.44,1327.44,0.0,0.0,2.65,2.65,0.0,68.42,68.42,0.0,1.96,1.96
alphard,0.0,1139.0,1139.0,0.0,11.0,11.0,0.0,1330.53,1330.53,0.0,0.0,0.97,0.97,0.0,59.26,59.26,0.0,1.17,1.17
cersanit,0.0,671.0,671.0,0.0,13.0,13.0,0.0,1371.99,1371.99,0.0,0.0,1.94,1.94,0.0,35.0,35.0,0.0,2.04,2.04
polaris,18980.0,20069.0,1089.0,304.0,280.0,-24.0,12499.18,13871.34,1372.16,10.98,1.6,1.4,-0.2,5.59,66.22,60.63,0.66,0.69,0.03
intex,0.0,3980.0,3980.0,0.0,28.0,28.0,0.0,1379.94,1379.94,0.0,0.0,0.7,0.7,0.0,75.0,75.0,0.0,0.35,0.35
sunwide,0.0,776.0,776.0,0.0,25.0,25.0,0.0,1381.74,1381.74,0.0,0.0,3.22,3.22,0.0,62.69,62.69,0.0,1.78,1.78
velvet-santiago,0.0,667.0,667.0,0.0,4.0,4.0,0.0,1424.54,1424.54,0.0,0.0,0.6,0.6,0.0,0.0,0.0,0.0,2.14,2.14
kormoran,0.0,1204.0,1204.0,0.0,27.0,27.0,0.0,1431.93,1431.93,0.0,0.0,2.24,2.24,0.0,68.6,68.6,0.0,1.19,1.19
bork,0.0,628.0,628.0,0.0,3.0,3.0,0.0,1436.26,1436.26,0.0,0.0,0.48,0.48,0.0,72.73,72.73,0.0,2.29,2.29
strobbs,0.0,4412.0,4412.0,0.0,23.0,23.0,0.0,1443.54,1443.54,0.0,0.0,0.52,0.52,0.0,74.73,74.73,0.0,0.33,0.33
givenchy,0.0,1186.0,1186.0,0.0,14.0,14.0,0.0,1444.33,1444.33,0.0,0.0,1.18,1.18,0.0,65.85,65.85,0.0,1.22,1.22
nexpero,0.0,3909.0,3909.0,0.0,19.0,19.0,0.0,1450.98,1450.98,0.0,0.0,0.49,0.49,0.0,79.12,79.12,0.0,0.37,0.37
neo,0.0,1405.0,1405.0,0.0,2.0,2.0,0.0,1451.26,1451.26,0.0,0.0,0.14,0.14,0.0,83.33,83.33,0.0,1.03,1.03
boccia,0.0,1412.0,1412.0,0.0,14.0,14.0,0.0,1464.65,1464.65,0.0,0.0,0.99,0.99,0.0,33.33,33.33,0.0,1.04,1.04
microsoft,2236.0,2433.0,197.0,26.0,21.0,-5.0,7799.6,9277.4,1477.8,18.95,1.16,0.86,-0.3,27.78,70.83,43.05,3.49,3.81,0.32
fila,0.0,3186.0,3186.0,0.0,15.0,15.0,0.0,1483.33,1483.33,0.0,0.0,0.47,0.47,0.0,67.39,67.39,0.0,0.47,0.47
kartal,0.0,1828.0,1828.0,0.0,7.0,7.0,0.0,1491.17,1491.17,0.0,0.0,0.38,0.38,0.0,79.41,79.41,0.0,0.82,0.82
glasman,0.0,645.0,645.0,0.0,8.0,8.0,0.0,1531.36,1531.36,0.0,0.0,1.24,1.24,0.0,11.11,11.11,0.0,2.37,2.37
king,0.0,1012.0,1012.0,0.0,11.0,11.0,0.0,1553.22,1553.22,0.0,0.0,1.09,1.09,0.0,54.17,54.17,0.0,1.53,1.53
peg-perego,0.0,933.0,933.0,0.0,10.0,10.0,0.0,1595.25,1595.25,0.0,0.0,1.07,1.07,0.0,72.97,72.97,0.0,1.71,1.71
karya,0.0,4609.0,4609.0,0.0,32.0,32.0,0.0,1627.55,1627.55,0.0,0.0,0.69,0.69,0.0,65.96,65.96,0.0,0.35,0.35
baltekstil,0.0,1714.0,1714.0,0.0,15.0,15.0,0.0,1636.85,1636.85,0.0,0.0,0.88,0.88,0.0,67.39,67.39,0.0,0.95,0.95
luminarc,0.0,4720.0,4720.0,0.0,27.0,27.0,0.0,1655.92,1655.92,0.0,0.0,0.57,0.57,0.0,69.32,69.32,0.0,0.35,0.35
dwt,0.0,1767.0,1767.0,0.0,21.0,21.0,0.0,1662.48,1662.48,0.0,0.0,1.19,1.19,0.0,56.25,56.25,0.0,0.94,0.94
weekend,1191.0,2059.0,868.0,0.0,3.0,3.0,0.0,1662.84,1662.84,0.0,0.0,0.15,0.15,0.0,70.0,70.0,0.0,0.81,0.81
cover,0.0,1301.0,1301.0,0.0,10.0,10.0,0.0,1673.4,1673.4,0.0,0.0,0.77,0.77,0.0,64.29,64.29,0.0,1.29,1.29
genesis,0.0,1255.0,1255.0,0.0,32.0,32.0,0.0,1684.17,1684.17,0.0,0.0,2.55,2.55,0.0,71.17,71.17,0.0,1.34,1.34
tomfarr,0.0,9702.0,9702.0,0.0,14.0,14.0,0.0,1687.29,1687.29,0.0,0.0,0.14,0.14,0.0,70.83,70.83,0.0,0.17,0.17
hifly,0.0,1669.0,1669.0,0.0,31.0,31.0,0.0,1687.57,1687.57,0.0,0.0,1.86,1.86,0.0,77.37,77.37,0.0,1.01,1.01
matrol,0.0,1359.0,1359.0,0.0,15.0,15.0,0.0,1701.34,1701.34,0.0,0.0,1.1,1.1,0.0,71.7,71.7,0.0,1.25,1.25
jvc,0.0,2903.0,2903.0,0.0,24.0,24.0,0.0,1707.36,1707.36,0.0,0.0,0.83,0.83,0.0,76.7,76.7,0.0,0.59,0.59
adamex,0.0,587.0,587.0,0.0,4.0,4.0,0.0,1719.47,1719.47,0.0,0.0,0.68,0.68,0.0,60.0,60.0,0.0,2.93,2.93
akom,0.0,1193.0,1193.0,0.0,23.0,23.0,0.0,1724.13,1724.13,0.0,0.0,1.93,1.93,0.0,76.53,76.53,0.0,1.45,1.45
ersport,0.0,895.0,895.0,0.0,12.0,12.0,0.0,1730.62,1730.62,0.0,0.0,1.34,1.34,0.0,68.42,68.42,0.0,1.93,1.93
romana,0.0,802.0,802.0,0.0,7.0,7.0,0.0,1750.64,1750.64,0.0,0.0,0.87,0.87,0.0,58.82,58.82,0.0,2.18,2.18
efremov,0.0,1440.0,1440.0,0.0,12.0,12.0,0.0,1756.29,1756.29,0.0,0.0,0.83,0.83,0.0,57.14,57.14,0.0,1.22,1.22
stagg,0.0,963.0,963.0,0.0,16.0,16.0,0.0,1771.72,1771.72,0.0,0.0,1.66,1.66,0.0,60.0,60.0,0.0,1.84,1.84
diamondunion,0.0,1057.0,1057.0,0.0,9.0,9.0,0.0,1785.38,1785.38,0.0,0.0,0.85,0.85,0.0,75.68,75.68,0.0,1.69,1.69
delonghi,4178.0,4833.0,655.0,50.0,54.0,4.0,19417.4,21267.34,1849.94,9.53,1.2,1.12,-0.08,20.63,66.87,46.24,4.65,4.4,-0.25
cantra,0.0,3201.0,3201.0,0.0,22.0,22.0,0.0,1866.87,1866.87,0.0,0.0,0.69,0.69,0.0,67.65,67.65,0.0,0.58,0.58
apacer,0.0,1932.0,1932.0,0.0,46.0,46.0,0.0,1872.71,1872.71,0.0,0.0,2.38,2.38,0.0,60.68,60.68,0.0,0.97,0.97
adil,0.0,1535.0,1535.0,0.0,18.0,18.0,0.0,1876.49,1876.49,0.0,0.0,1.17,1.17,0.0,67.27,67.27,0.0,1.22,1.22
garrett,0.0,783.0,783.0,0.0,9.0,9.0,0.0,1896.79,1896.79,0.0,0.0,1.15,1.15,0.0,47.06,47.06,0.0,2.42,2.42
metabo,1110.0,1079.0,-31.0,0.0,4.0,4.0,0.0,1905.82,1905.82,0.0,0.0,0.37,0.37,0.0,55.56,55.56,0.0,1.77,1.77
denzel,0.0,1270.0,1270.0,0.0,7.0,7.0,0.0,1909.58,1909.58,0.0,0.0,0.55,0.55,0.0,82.05,82.05,0.0,1.5,1.5
jade,0.0,1192.0,1192.0,0.0,7.0,7.0,0.0,1915.28,1915.28,0.0,0.0,0.59,0.59,0.0,46.15,46.15,0.0,1.61,1.61
vestel,0.0,561.0,561.0,0.0,8.0,8.0,0.0,1922.62,1922.62,0.0,0.0,1.43,1.43,0.0,61.9,61.9,0.0,3.43,3.43
aerocool,0.0,2375.0,2375.0,0.0,23.0,23.0,0.0,1924.69,1924.69,0.0,0.0,0.97,0.97,0.0,77.23,77.23,0.0,0.81,0.81
sven,0.0,3770.0,3770.0,0.0,52.0,52.0,0.0,1928.15,1928.15,0.0,0.0,1.38,1.38,0.0,65.1,65.1,0.0,0.51,0.51
marshall,0.0,1696.0,1696.0,0.0,21.0,21.0,0.0,1959.76,1959.76,0.0,0.0,1.24,1.24,0.0,66.67,66.67,0.0,1.16,1.16
nokia,16053.0,15463.0,-590.0,256.0,220.0,-36.0,18059.72,20062.9,2003.18,11.09,1.59,1.42,-0.17,39.62,61.61,21.99,1.13,1.3,0.17
varta,0.0,897.0,897.0,0.0,19.0,19.0,0.0,2008.34,2008.34,0.0,0.0,2.12,2.12,0.0,67.8,67.8,0.0,2.24,2.24
avalon,0.0,1180.0,1180.0,0.0,3.0,3.0,0.0,2018.59,2018.59,0.0,0.0,0.25,0.25,0.0,66.67,66.67,0.0,1.71,1.71
leadbros,0.0,789.0,789.0,0.0,11.0,11.0,0.0,2036.11,2036.11,0.0,0.0,1.39,1.39,0.0,77.08,77.08,0.0,2.58,2.58
amd,0.0,1994.0,1994.0,0.0,13.0,13.0,0.0,2088.02,2088.02,0.0,0.0,0.65,0.65,0.0,83.12,83.12,0.0,1.05,1.05
hotpoint-ariston,0.0,1998.0,1998.0,0.0,9.0,9.0,0.0,2093.79,2093.79,0.0,0.0,0.45,0.45,0.0,75.68,75.68,0.0,1.05,1.05
carfashion,0.0,4733.0,4733.0,0.0,31.0,31.0,0.0,2133.6,2133.6,0.0,0.0,0.65,0.65,0.0,75.0,75.0,0.0,0.45,0.45
toyo,0.0,1684.0,1684.0,0.0,18.0,18.0,0.0,2139.71,2139.71,0.0,0.0,1.07,1.07,0.0,79.78,79.78,0.0,1.27,1.27
asrock,0.0,1729.0,1729.0,0.0,15.0,15.0,0.0,2141.88,2141.88,0.0,0.0,0.87,0.87,0.0,69.39,69.39,0.0,1.24,1.24
kicx,0.0,2282.0,2282.0,0.0,29.0,29.0,0.0,2174.05,2174.05,0.0,0.0,1.27,1.27,0.0,59.15,59.15,0.0,0.95,0.95
irobot,0.0,876.0,876.0,0.0,5.0,5.0,0.0,2246.83,2246.83,0.0,0.0,0.57,0.57,0.0,50.0,50.0,0.0,2.56,2.56
lorelli,0.0,2938.0,2938.0,0.0,29.0,29.0,0.0,2252.79,2252.79,0.0,0.0,0.99,0.99,0.0,67.05,67.05,0.0,0.77,0.77
ibox,0.0,3049.0,3049.0,0.0,25.0,25.0,0.0,2288.38,2288.38,0.0,0.0,0.82,0.82,0.0,78.99,78.99,0.0,0.75,0.75
nintendo,0.0,916.0,916.0,0.0,8.0,8.0,0.0,2292.81,2292.81,0.0,0.0,0.87,0.87,0.0,42.86,42.86,0.0,2.5,2.5
salamander,0.0,4019.0,4019.0,0.0,20.0,20.0,0.0,2302.27,2302.27,0.0,0.0,0.5,0.5,0.0,72.97,72.97,0.0,0.57,0.57
pride,0.0,1713.0,1713.0,0.0,17.0,17.0,0.0,2310.12,2310.12,0.0,0.0,0.99,0.99,0.0,69.64,69.64,0.0,1.35,1.35
racer,0.0,690.0,690.0,0.0,14.0,14.0,0.0,2330.84,2330.84,0.0,0.0,2.03,2.03,0.0,57.58,57.58,0.0,3.38,3.38
amazon,0.0,501.0,501.0,0.0,6.0,6.0,0.0,2350.97,2350.97,0.0,0.0,1.2,1.2,0.0,33.33,33.33,0.0,4.69,4.69
uno,0.0,617.0,617.0,0.0,5.0,5.0,0.0,2385.26,2385.26,0.0,0.0,0.81,0.81,0.0,79.17,79.17,0.0,3.87,3.87
hansa,8307.0,10950.0,2643.0,94.0,100.0,6.0,24749.57,27166.79,2417.22,9.77,1.13,0.91,-0.22,5.05,74.36,69.31,2.98,2.48,-0.5
chicco,0.0,4352.0,4352.0,0.0,21.0,21.0,0.0,2445.3,2445.3,0.0,0.0,0.48,0.48,0.0,75.58,75.58,0.0,0.56,0.56
netechnics,0.0,1728.0,1728.0,0.0,3.0,3.0,0.0,2483.89,2483.89,0.0,0.0,0.17,0.17,0.0,81.25,81.25,0.0,1.44,1.44
timberk,0.0,3083.0,3083.0,0.0,56.0,56.0,0.0,2512.14,2512.14,0.0,0.0,1.82,1.82,0.0,66.86,66.86,0.0,0.81,0.81
ballu,0.0,3655.0,3655.0,0.0,50.0,50.0,0.0,2549.44,2549.44,0.0,0.0,1.37,1.37,0.0,67.95,67.95,0.0,0.7,0.7
pirelli,0.0,2447.0,2447.0,0.0,24.0,24.0,0.0,2561.22,2561.22,0.0,0.0,0.98,0.98,0.0,85.09,85.09,0.0,1.05,1.05
cort,0.0,589.0,589.0,0.0,11.0,11.0,0.0,2570.22,2570.22,0.0,0.0,1.87,1.87,0.0,50.0,50.0,0.0,4.36,4.36
peda,0.0,529.0,529.0,0.0,2.0,2.0,0.0,2571.5,2571.5,0.0,0.0,0.38,0.38,0.0,60.0,60.0,0.0,4.86,4.86
tigar,0.0,2093.0,2093.0,0.0,34.0,34.0,0.0,2575.5,2575.5,0.0,0.0,1.62,1.62,0.0,74.24,74.24,0.0,1.23,1.23
gislaved,0.0,1294.0,1294.0,0.0,33.0,33.0,0.0,2603.04,2603.04,0.0,0.0,2.55,2.55,0.0,67.33,67.33,0.0,2.01,2.01
gucci,0.0,1486.0,1486.0,0.0,21.0,21.0,0.0,2619.87,2619.87,0.0,0.0,1.41,1.41,0.0,68.18,68.18,0.0,1.76,1.76
braun,9387.0,11830.0,2443.0,175.0,178.0,3.0,15144.52,17764.58,2620.06,17.3,1.86,1.5,-0.36,11.62,67.46,55.84,1.61,1.5,-0.11
goodride,0.0,2726.0,2726.0,0.0,57.0,57.0,0.0,2650.08,2650.08,0.0,0.0,2.09,2.09,0.0,76.54,76.54,0.0,0.97,0.97
lanvin,0.0,3218.0,3218.0,0.0,63.0,63.0,0.0,2658.03,2658.03,0.0,0.0,1.96,1.96,0.0,67.86,67.86,0.0,0.83,0.83
harper,0.0,3002.0,3002.0,0.0,28.0,28.0,0.0,2658.6,2658.6,0.0,0.0,0.93,0.93,0.0,73.58,73.58,0.0,0.89,0.89
pandora,0.0,2784.0,2784.0,0.0,13.0,13.0,0.0,2708.38,2708.38,0.0,0.0,0.47,0.47,0.0,74.51,74.51,0.0,0.97,0.97
greyder,0.0,5108.0,5108.0,0.0,24.0,24.0,0.0,2751.65,2751.65,0.0,0.0,0.47,0.47,0.0,77.98,77.98,0.0,0.54,0.54
google,0.0,1275.0,1275.0,0.0,4.0,4.0,0.0,2766.1,2766.1,0.0,0.0,0.31,0.31,0.0,33.33,33.33,0.0,2.17,2.17
stihl,0.0,1555.0,1555.0,0.0,9.0,9.0,0.0,2782.05,2782.05,0.0,0.0,0.58,0.58,0.0,79.55,79.55,0.0,1.79,1.79
atlantic,0.0,1029.0,1029.0,0.0,16.0,16.0,0.0,2859.18,2859.18,0.0,0.0,1.55,1.55,0.0,51.52,51.52,0.0,2.78,2.78
domini,0.0,2182.0,2182.0,0.0,16.0,16.0,0.0,2926.72,2926.72,0.0,0.0,0.73,0.73,0.0,77.14,77.14,0.0,1.34,1.34
housefit,0.0,2066.0,2066.0,0.0,9.0,9.0,0.0,2935.27,2935.27,0.0,0.0,0.44,0.44,0.0,83.02,83.02,0.0,1.42,1.42
hankook,0.0,1823.0,1823.0,0.0,31.0,31.0,0.0,2959.64,2959.64,0.0,0.0,1.7,1.7,0.0,68.37,68.37,0.0,1.62,1.62
cybex,0.0,1014.0,1014.0,0.0,7.0,7.0,0.0,2987.04,2987.04,0.0,0.0,0.69,0.69,0.0,53.33,53.33,0.0,2.95,2.95
comforser,0.0,2777.0,2777.0,0.0,56.0,56.0,0.0,2994.81,2994.81,0.0,0.0,2.02,2.02,0.0,76.86,76.86,0.0,1.08,1.08
smart,0.0,1373.0,1373.0,0.0,5.0,5.0,0.0,2997.5,2997.5,0.0,0.0,0.36,0.36,0.0,75.0,75.0,0.0,2.18,2.18
jaguar,0.0,2458.0,2458.0,0.0,23.0,23.0,0.0,3023.96,3023.96,0.0,0.0,0.94,0.94,0.0,80.0,80.0,0.0,1.23,1.23
granhel,0.0,3544.0,3544.0,0.0,28.0,28.0,0.0,3038.1,3038.1,0.0,0.0,0.79,0.79,0.0,83.23,83.23,0.0,0.86,0.86
wingoffly,0.0,2108.0,2108.0,0.0,27.0,27.0,0.0,3138.88,3138.88,0.0,0.0,1.28,1.28,0.0,57.81,57.81,0.0,1.49,1.49
kugoo,0.0,628.0,628.0,0.0,8.0,8.0,0.0,3164.45,3164.45,0.0,0.0,1.27,1.27,0.0,50.0,50.0,0.0,5.04,5.04
asel,0.0,3686.0,3686.0,0.0,63.0,63.0,0.0,3202.67,3202.67,0.0,0.0,1.71,1.71,0.0,73.64,73.64,0.0,0.87,0.87
almacom,0.0,2866.0,2866.0,0.0,22.0,22.0,0.0,3221.41,3221.41,0.0,0.0,0.77,0.77,0.0,77.32,77.32,0.0,1.12,1.12
ostamebel,0.0,747.0,747.0,0.0,5.0,5.0,0.0,3289.11,3289.11,0.0,0.0,0.67,0.67,0.0,70.59,70.59,0.0,4.4,4.4
rivertoys,0.0,2272.0,2272.0,0.0,22.0,22.0,0.0,3319.53,3319.53,0.0,0.0,0.97,0.97,0.0,75.82,75.82,0.0,1.46,1.46
crown,0.0,6457.0,6457.0,0.0,64.0,64.0,0.0,3373.46,3373.46,0.0,0.0,0.99,0.99,0.0,75.1,75.1,0.0,0.52,0.52
nike,0.0,8783.0,8783.0,0.0,29.0,29.0,0.0,3510.98,3510.98,0.0,0.0,0.33,0.33,0.0,58.57,58.57,0.0,0.4,0.4
rieker,0.0,10900.0,10900.0,0.0,37.0,37.0,0.0,3515.16,3515.16,0.0,0.0,0.34,0.34,0.0,80.63,80.63,0.0,0.32,0.32
joyroad,0.0,2786.0,2786.0,0.0,81.0,81.0,0.0,3547.58,3547.58,0.0,0.0,2.91,2.91,0.0,73.27,73.27,0.0,1.27,1.27
continental,0.0,2612.0,2612.0,0.0,28.0,28.0,0.0,3582.24,3582.24,0.0,0.0,1.07,1.07,0.0,75.44,75.44,0.0,1.37,1.37
fender,0.0,860.0,860.0,0.0,10.0,10.0,0.0,3583.57,3583.57,0.0,0.0,1.16,1.16,0.0,50.0,50.0,0.0,4.17,4.17
gigawatt,0.0,1674.0,1674.0,0.0,36.0,36.0,0.0,3595.97,3595.97,0.0,0.0,2.15,2.15,0.0,53.25,53.25,0.0,2.15,2.15
pinskdrev,0.0,1022.0,1022.0,0.0,3.0,3.0,0.0,3642.31,3642.31,0.0,0.0,0.29,0.29,0.0,83.33,83.33,0.0,3.56,3.56
skyworth,0.0,563.0,563.0,0.0,6.0,6.0,0.0,3652.89,3652.89,0.0,0.0,1.07,1.07,0.0,62.5,62.5,0.0,6.49,6.49
electrolux,6854.0,7435.0,581.0,92.0,87.0,-5.0,14906.55,18611.8,3705.25,24.86,1.34,1.17,-0.17,26.4,61.16,34.76,2.17,2.5,0.33
armani,0.0,1954.0,1954.0,0.0,13.0,13.0,0.0,3724.41,3724.41,0.0,0.0,0.67,0.67,0.0,53.57,53.57,0.0,1.91,1.91
nexen,0.0,3039.0,3039.0,0.0,50.0,50.0,0.0,3733.92,3733.92,0.0,0.0,1.65,1.65,0.0,76.08,76.08,0.0,1.23,1.23
aeroforce,0.0,3006.0,3006.0,0.0,26.0,26.0,0.0,3741.46,3741.46,0.0,0.0,0.86,0.86,0.0,72.04,72.04,0.0,1.24,1.24
joie,0.0,2458.0,2458.0,0.0,24.0,24.0,0.0,3759.42,3759.42,0.0,0.0,0.98,0.98,0.0,75.76,75.76,0.0,1.53,1.53
orient,0.0,3168.0,3168.0,0.0,25.0,25.0,0.0,3801.86,3801.86,0.0,0.0,0.79,0.79,0.0,66.22,66.22,0.0,1.2,1.2
alpine,0.0,2244.0,2244.0,0.0,24.0,24.0,0.0,3804.95,3804.95,0.0,0.0,1.07,1.07,0.0,50.0,50.0,0.0,1.7,1.7
alteco,0.0,4684.0,4684.0,0.0,57.0,57.0,0.0,3920.9,3920.9,0.0,0.0,1.22,1.22,0.0,70.77,70.77,0.0,0.84,0.84
arg,4041.0,7096.0,3055.0,117.0,168.0,51.0,14364.41,18312.47,3948.06,27.49,2.9,2.37,-0.53,45.07,63.56,18.49,3.55,2.58,-0.97
fly,0.0,2523.0,2523.0,0.0,25.0,25.0,0.0,4001.24,4001.24,0.0,0.0,0.99,0.99,0.0,56.14,56.14,0.0,1.59,1.59
dyson,1822.0,2322.0,500.0,17.0,21.0,4.0,8246.61,12272.58,4025.97,48.82,0.93,0.9,-0.03,32.0,70.83,38.83,4.53,5.29,0.76
asm,0.0,2560.0,2560.0,0.0,9.0,9.0,0.0,4215.28,4215.28,0.0,0.0,0.35,0.35,0.0,81.63,81.63,0.0,1.65,1.65
giant,0.0,954.0,954.0,0.0,5.0,5.0,0.0,4289.69,4289.69,0.0,0.0,0.52,0.52,0.0,64.29,64.29,0.0,4.5,4.5
kitfort,0.0,4455.0,4455.0,0.0,35.0,35.0,0.0,4310.55,4310.55,0.0,0.0,0.79,0.79,0.0,80.23,80.23,0.0,0.97,0.97
scarlett,0.0,11302.0,11302.0,0.0,126.0,126.0,0.0,4427.13,4427.13,0.0,0.0,1.11,1.11,0.0,70.49,70.49,0.0,0.39,0.39
nika,0.0,6087.0,6087.0,0.0,93.0,93.0,0.0,4485.86,4485.86,0.0,0.0,1.53,1.53,0.0,71.9,71.9,0.0,0.74,0.74
wacom,0.0,662.0,662.0,0.0,9.0,9.0,0.0,4621.36,4621.36,0.0,0.0,1.36,1.36,0.0,71.88,71.88,0.0,6.98,6.98
kipardo,0.0,1807.0,1807.0,0.0,13.0,13.0,0.0,4666.79,4666.79,0.0,0.0,0.72,0.72,0.0,80.88,80.88,0.0,2.58,2.58
imperial,0.0,4963.0,4963.0,0.0,13.0,13.0,0.0,4711.37,4711.37,0.0,0.0,0.26,0.26,0.0,82.89,82.89,0.0,0.95,0.95
erlit,0.0,2089.0,2089.0,0.0,14.0,14.0,0.0,4722.13,4722.13,0.0,0.0,0.67,0.67,0.0,78.46,78.46,0.0,2.26,2.26
omabelle,0.0,1879.0,1879.0,0.0,3.0,3.0,0.0,4774.9,4774.9,0.0,0.0,0.16,0.16,0.0,78.57,78.57,0.0,2.54,2.54
magnetta,0.0,2969.0,2969.0,0.0,16.0,16.0,0.0,4815.91,4815.91,0.0,0.0,0.54,0.54,0.0,76.12,76.12,0.0,1.62,1.62
ergo,0.0,1645.0,1645.0,0.0,17.0,17.0,0.0,4936.78,4936.78,0.0,0.0,1.03,1.03,0.0,66.0,66.0,0.0,3.0,3.0
palit,0.0,1965.0,1965.0,0.0,19.0,19.0,0.0,5093.46,5093.46,0.0,0.0,0.97,0.97,0.0,84.92,84.92,0.0,2.59,2.59
dior,0.0,2419.0,2419.0,0.0,42.0,42.0,0.0,5097.69,5097.69,0.0,0.0,1.74,1.74,0.0,51.16,51.16,0.0,2.11,2.11
dell,0.0,4561.0,4561.0,0.0,11.0,11.0,0.0,5153.44,5153.44,0.0,0.0,0.24,0.24,0.0,76.09,76.09,0.0,1.13,1.13
hygge,0.0,909.0,909.0,0.0,6.0,6.0,0.0,5161.02,5161.02,0.0,0.0,0.66,0.66,0.0,76.92,76.92,0.0,5.68,5.68
rusgoldart,0.0,1394.0,1394.0,0.0,19.0,19.0,0.0,5303.89,5303.89,0.0,0.0,1.36,1.36,0.0,61.22,61.22,0.0,3.8,3.8
powertrac,0.0,3847.0,3847.0,0.0,130.0,130.0,0.0,5304.06,5304.06,0.0,0.0,3.38,3.38,0.0,69.12,69.12,0.0,1.38,1.38
bernina,786.0,910.0,124.0,6.0,10.0,4.0,3234.02,8564.92,5330.9,164.84,0.76,1.1,0.34,33.33,69.7,36.37,4.11,9.41,5.3
roadx,0.0,4378.0,4378.0,0.0,102.0,102.0,0.0,5377.74,5377.74,0.0,0.0,2.33,2.33,0.0,72.43,72.43,0.0,1.23,1.23
sportelite,0.0,1456.0,1456.0,0.0,12.0,12.0,0.0,5492.3,5492.3,0.0,0.0,0.82,0.82,0.0,76.47,76.47,0.0,3.77,3.77
shivaki,0.0,3715.0,3715.0,0.0,38.0,38.0,0.0,5541.61,5541.61,0.0,0.0,1.02,1.02,0.0,71.21,71.21,0.0,1.49,1.49
tcl,3924.0,5354.0,1430.0,74.0,104.0,30.0,21836.06,27388.5,5552.44,25.43,1.89,1.94,0.05,0.0,68.58,68.58,5.56,5.12,-0.44
delta,0.0,3308.0,3308.0,0.0,51.0,51.0,0.0,5560.14,5560.14,0.0,0.0,1.54,1.54,0.0,66.0,66.0,0.0,1.68,1.68
chanel,0.0,2632.0,2632.0,0.0,35.0,35.0,0.0,5609.36,5609.36,0.0,0.0,1.33,1.33,0.0,61.96,61.96,0.0,2.13,2.13
robertobravo,0.0,1770.0,1770.0,0.0,4.0,4.0,0.0,5706.09,5706.09,0.0,0.0,0.23,0.23,0.0,80.0,80.0,0.0,3.22,3.22
intel,0.0,3288.0,3288.0,0.0,23.0,23.0,0.0,5914.06,5914.06,0.0,0.0,0.7,0.7,0.0,68.06,68.06,0.0,1.8,1.8
bars,0.0,2406.0,2406.0,0.0,99.0,99.0,0.0,5987.26,5987.26,0.0,0.0,4.11,4.11,0.0,63.33,63.33,0.0,2.49,2.49
versace,0.0,4127.0,4127.0,0.0,62.0,62.0,0.0,6258.96,6258.96,0.0,0.0,1.5,1.5,0.0,70.62,70.62,0.0,1.52,1.52
element,0.0,1939.0,1939.0,0.0,50.0,50.0,0.0,6295.39,6295.39,0.0,0.0,2.58,2.58,0.0,54.13,54.13,0.0,3.25,3.25
toshiba,0.0,2384.0,2384.0,0.0,28.0,28.0,0.0,6378.54,6378.54,0.0,0.0,1.17,1.17,0.0,65.43,65.43,0.0,2.68,2.68
askona,0.0,3591.0,3591.0,0.0,38.0,38.0,0.0,6491.42,6491.42,0.0,0.0,1.06,1.06,0.0,67.8,67.8,0.0,1.81,1.81
kapsen,0.0,5448.0,5448.0,0.0,133.0,133.0,0.0,6552.02,6552.02,0.0,0.0,2.44,2.44,0.0,71.02,71.02,0.0,1.2,1.2
dewalt,0.0,4977.0,4977.0,0.0,30.0,30.0,0.0,6696.61,6696.61,0.0,0.0,0.6,0.6,0.0,83.15,83.15,0.0,1.35,1.35
alkor,0.0,2809.0,2809.0,0.0,16.0,16.0,0.0,6722.74,6722.74,0.0,0.0,0.57,0.57,0.0,72.88,72.88,0.0,2.39,2.39
vegas,0.0,3539.0,3539.0,0.0,31.0,31.0,0.0,6986.06,6986.06,0.0,0.0,0.88,0.88,0.0,71.82,71.82,0.0,1.97,1.97
smeg,0.0,2869.0,2869.0,0.0,16.0,16.0,0.0,7049.78,7049.78,0.0,0.0,0.56,0.56,0.0,64.44,64.44,0.0,2.46,2.46
belecoo,0.0,4616.0,4616.0,0.0,58.0,58.0,0.0,7051.28,7051.28,0.0,0.0,1.26,1.26,0.0,64.2,64.2,0.0,1.53,1.53
umi,0.0,1154.0,1154.0,0.0,14.0,14.0,0.0,7052.57,7052.57,0.0,0.0,1.21,1.21,0.0,64.1,64.1,0.0,6.11,6.11
tunga,0.0,7817.0,7817.0,0.0,196.0,196.0,0.0,7125.26,7125.26,0.0,0.0,2.51,2.51,0.0,72.51,72.51,0.0,0.91,0.91
montale,0.0,4942.0,4942.0,0.0,78.0,78.0,0.0,7362.31,7362.31,0.0,0.0,1.58,1.58,0.0,60.0,60.0,0.0,1.49,1.49
rals,0.0,4211.0,4211.0,0.0,13.0,13.0,0.0,7363.84,7363.84,0.0,0.0,0.31,0.31,0.0,81.94,81.94,0.0,1.75,1.75
kurzweil,0.0,870.0,870.0,0.0,7.0,7.0,0.0,7396.46,7396.46,0.0,0.0,0.8,0.8,0.0,73.08,73.08,0.0,8.5,8.5
baden,0.0,17532.0,17532.0,0.0,111.0,111.0,0.0,7936.49,7936.49,0.0,0.0,0.63,0.63,0.0,73.7,73.7,0.0,0.45,0.45
makita,0.0,4867.0,4867.0,0.0,31.0,31.0,0.0,7991.17,7991.17,0.0,0.0,0.64,0.64,0.0,70.75,70.75,0.0,1.64,1.64
gigabyte,0.0,4367.0,4367.0,0.0,38.0,38.0,0.0,8171.46,8171.46,0.0,0.0,0.87,0.87,0.0,72.26,72.26,0.0,1.87,1.87
creed,0.0,1932.0,1932.0,0.0,35.0,35.0,0.0,8195.76,8195.76,0.0,0.0,1.81,1.81,0.0,51.39,51.39,0.0,4.24,4.24
bridgestone,0.0,3543.0,3543.0,0.0,59.0,59.0,0.0,8578.1,8578.1,0.0,0.0,1.67,1.67,0.0,76.31,76.31,0.0,2.42,2.42
maxxis,0.0,5959.0,5959.0,0.0,114.0,114.0,0.0,8664.98,8664.98,0.0,0.0,1.91,1.91,0.0,76.54,76.54,0.0,1.45,1.45
goodyear,0.0,4234.0,4234.0,0.0,77.0,77.0,0.0,8667.15,8667.15,0.0,0.0,1.82,1.82,0.0,75.16,75.16,0.0,2.05,2.05
skad,0.0,6304.0,6304.0,0.0,40.0,40.0,0.0,9183.61,9183.61,0.0,0.0,0.63,0.63,0.0,83.74,83.74,0.0,1.46,1.46
gefest,0.0,7049.0,7049.0,0.0,55.0,55.0,0.0,10248.94,10248.94,0.0,0.0,0.78,0.78,0.0,74.42,74.42,0.0,1.45,1.45
tissot,0.0,3419.0,3419.0,0.0,21.0,21.0,0.0,11020.09,11020.09,0.0,0.0,0.61,0.61,0.0,68.66,68.66,0.0,3.22,3.22
yasin,0.0,4278.0,4278.0,0.0,47.0,47.0,0.0,12431.07,12431.07,0.0,0.0,1.1,1.1,0.0,70.81,70.81,0.0,2.91,2.91
kenwood,0.0,7087.0,7087.0,0.0,64.0,64.0,0.0,12507.0,12507.0,0.0,0.0,0.9,0.9,0.0,67.35,67.35,0.0,1.76,1.76
dji,0.0,2025.0,2025.0,0.0,12.0,12.0,0.0,12544.93,12544.93,0.0,0.0,0.59,0.59,0.0,73.33,73.33,0.0,6.2,6.2
gorenje,0.0,6971.0,6971.0,0.0,59.0,59.0,0.0,13040.04,13040.04,0.0,0.0,0.85,0.85,0.0,67.04,67.04,0.0,1.87,1.87
dinastia,0.0,2949.0,2949.0,0.0,35.0,35.0,0.0,13322.34,13322.34,0.0,0.0,1.19,1.19,0.0,60.67,60.67,0.0,4.52,4.52
msi,0.0,4803.0,4803.0,0.0,25.0,25.0,0.0,15082.12,15082.12,0.0,0.0,0.52,0.52,0.0,79.67,79.67,0.0,3.14,3.14
pioneer,0.0,12114.0,12114.0,0.0,129.0,129.0,0.0,15644.02,15644.02,0.0,0.0,1.06,1.06,0.0,65.96,65.96,0.0,1.29,1.29
triangle,0.0,11961.0,11961.0,0.0,323.0,323.0,0.0,15813.32,15813.32,0.0,0.0,2.7,2.7,0.0,69.9,69.9,0.0,1.32,1.32
meizu,0.0,13215.0,13215.0,0.0,135.0,135.0,0.0,16845.54,16845.54,0.0,0.0,1.02,1.02,0.0,68.09,68.09,0.0,1.27,1.27
lider,0.0,3184.0,3184.0,0.0,40.0,40.0,0.0,16979.33,16979.33,0.0,0.0,1.26,1.26,0.0,56.04,56.04,0.0,5.33,5.33
force,0.0,9603.0,9603.0,0.0,103.0,103.0,0.0,17101.59,17101.59,0.0,0.0,1.07,1.07,0.0,74.69,74.69,0.0,1.78,1.78
navien,0.0,1671.0,1671.0,0.0,30.0,30.0,0.0,17574.98,17574.98,0.0,0.0,1.8,1.8,0.0,82.76,82.76,0.0,10.52,10.52
asus,20057.0,28275.0,8218.0,215.0,226.0,11.0,110808.7,128522.63,17713.93,15.99,1.07,0.8,-0.27,13.65,68.44,54.79,5.52,4.55,-0.97
yokohama,0.0,7952.0,7952.0,0.0,185.0,185.0,0.0,17944.32,17944.32,0.0,0.0,2.33,2.33,0.0,70.49,70.49,0.0,2.26,2.26
bts,0.0,11064.0,11064.0,0.0,63.0,63.0,0.0,18212.0,18212.0,0.0,0.0,0.57,0.57,0.0,70.14,70.14,0.0,1.65,1.65
viatti,0.0,15313.0,15313.0,0.0,421.0,421.0,0.0,18694.92,18694.92,0.0,0.0,2.75,2.75,0.0,71.61,71.61,0.0,1.22,1.22
stels,0.0,15279.0,15279.0,0.0,193.0,193.0,0.0,18988.2,18988.2,0.0,0.0,1.26,1.26,0.0,73.6,73.6,0.0,1.24,1.24
yamaha,0.0,4631.0,4631.0,0.0,54.0,54.0,0.0,20788.87,20788.87,0.0,0.0,1.17,1.17,0.0,72.73,72.73,0.0,4.49,4.49
sokolov,0.0,15427.0,15427.0,0.0,157.0,157.0,0.0,23718.63,23718.63,0.0,0.0,1.02,1.02,0.0,63.15,63.15,0.0,1.54,1.54
casio,0.0,21027.0,21027.0,0.0,248.0,248.0,0.0,23936.27,23936.27,0.0,0.0,1.18,1.18,0.0,64.77,64.77,0.0,1.14,1.14
pulser,0.0,7978.0,7978.0,0.0,46.0,46.0,0.0,26439.63,26439.63,0.0,0.0,0.58,0.58,0.0,71.78,71.78,0.0,3.31,3.31
brw,0.0,18780.0,18780.0,0.0,101.0,101.0,0.0,26712.29,26712.29,0.0,0.0,0.54,0.54,0.0,63.0,63.0,0.0,1.42,1.42
sv,0.0,17445.0,17445.0,0.0,112.0,112.0,0.0,27613.14,27613.14,0.0,0.0,0.64,0.64,0.0,65.75,65.75,0.0,1.58,1.58
respect,0.0,44311.0,44311.0,0.0,354.0,354.0,0.0,28947.31,28947.31,0.0,0.0,0.8,0.8,0.0,70.91,70.91,0.0,0.65,0.65
oneplus,0.0,7028.0,7028.0,0.0,49.0,49.0,0.0,30193.43,30193.43,0.0,0.0,0.7,0.7,0.0,72.78,72.78,0.0,4.3,4.3
kivi,0.0,5171.0,5171.0,0.0,120.0,120.0,0.0,33517.31,33517.31,0.0,0.0,2.32,2.32,0.0,60.78,60.78,0.0,6.48,6.48
nokian,0.0,16912.0,16912.0,0.0,452.0,452.0,0.0,35613.96,35613.96,0.0,0.0,2.67,2.67,0.0,71.91,71.91,0.0,2.11,2.11
midea,0.0,17184.0,17184.0,0.0,294.0,294.0,0.0,45925.03,45925.03,0.0,0.0,1.71,1.71,0.0,68.56,68.56,0.0,2.67,2.67
cordiant,0.0,40232.0,40232.0,0.0,1257.0,1257.0,0.0,58372.19,58372.19,0.0,0.0,3.12,3.12,0.0,68.99,68.99,0.0,1.45,1.45
dauscher,0.0,25751.0,25751.0,0.0,300.0,300.0,0.0,63168.66,63168.66,0.0,0.0,1.17,1.17,0.0,73.78,73.78,0.0,2.45,2.45
hp,0.0,30341.0,30341.0,0.0,319.0,319.0,0.0,98365.6,98365.6,0.0,0.0,1.05,1.05,0.0,66.06,66.06,0.0,3.24,3.24
artel,0.0,39082.0,39082.0,0.0,696.0,696.0,0.0,125156.28,125156.28,0.0,0.0,1.78,1.78,0.0,69.5,69.5,0.0,3.2,3.2
lenovo,0.0,41340.0,41340.0,0.0,479.0,479.0,0.0,204500.61,204500.61,0.0,0.0,1.16,1.16,0.0,67.03,67.03,0.0,4.95,4.95
lucente,0.0,69071.0,69071.0,0.0,1085.0,1085.0,0.0,269095.97,269095.97,0.0,0.0,1.57,1.57,0.0,59.51,59.51,0.0,3.9,3.9
unknown,0.0,512314.0,512314.0,0.0,5492.0,5492.0,0.0,820740.8,820740.8,0.0,0.0,1.07,1.07,0.0,69.21,69.21,0.0,1.6,1.6
