month,brand,view_sessions,cart_sessions,purchase_sessions,total_revenue,view_to_cart_pct,cart_to_purchase_pct,conversion_rate,cart_abandonment_pct,revenue_per_view
November,apple,355324.0,33845.0,12047.0,9403973.0,9.53,35.59,3.39,64.41,26.47
November,samsung,441176.0,40810.0,14479.0,4038909.5,9.25,35.48,3.28,64.52,9.15
November,xiaomi,258874.0,17739.0,5039.0,834018.5,6.85,28.41,1.95,71.59,3.22
November,unknown,512314.0,17835.0,5492.0,820740.8,3.48,30.79,1.07,69.21,1.6
November,lg,63906.0,3319.0,964.0,398551.3,5.19,29.04,1.51,70.96,6.24
November,huawei,83789.0,5062.0,1713.0,341976.75,6.04,33.84,2.04,66.16,4.08
November,sony,47925.0,2486.0,767.0,279869.2,5.19,30.85,1.6,69.15,5.84
November,lucente,69071.0,2680.0,1085.0,269095.97,3.88,40.49,1.57,59.51,3.9
November,oppo,48367.0,3107.0,1130.0,264314.94,6.42,36.37,2.34,63.63,5.46
November,acer,41590.0,1477.0,469.0,250579.73,3.55,31.75,1.13,68.25,6.02
November,lenovo,41340.0,1453.0,479.0,204500.61,3.51,32.97,1.16,67.03,4.95
November,bosch,56973.0,2110.0,615.0,146493.81,3.7,29.15,1.08,70.85,2.57
November,asus,28275.0,716.0,226.0,128522.63,2.53,31.56,0.8,68.44,4.55
November,artel,39082.0,2282.0,696.0,125156.28,5.84,30.5,1.78,69.5,3.2
November,hp,30341.0,940.0,319.0,98365.6,3.1,33.94,1.05,66.06,3.24
November,indesit,24690.0,1253.0,377.0,97034.12,5.07,30.09,1.53,69.91,3.93
November,haier,16457.0,736.0,282.0,81792.43,4.47,38.32,1.71,61.68,4.97
November,beko,18175.0,931.0,283.0,67506.09,5.12,30.4,1.56,69.6,3.71
November,dauscher,25751.0,1144.0,300.0,63168.66,4.44,26.22,1.17,73.78,2.45
November,cordiant,40232.0,4053.0,1257.0,58372.19,10.07,31.01,3.12,68.99,1.45
November,philips,28059.0,1127.0,445.0,51382.9,4.02,39.49,1.59,60.51,1.83
November,midea,17184.0,935.0,294.0,45925.03,5.44,31.44,1.71,68.56,2.67
November,vivo,9715.0,418.0,135.0,36366.53,4.3,32.3,1.39,67.7,3.74
November,janome,10967.0,619.0,156.0,35696.28,5.64,25.2,1.42,74.8,3.25
November,nokian,16912.0,1609.0,452.0,35613.96,9.51,28.09,2.67,71.91,2.11
November,tefal,21097.0,898.0,302.0,35509.29,4.26,33.63,1.43,66.37,1.68
November,canon,6887.0,248.0,73.0,34581.68,3.6,29.44,1.06,70.56,5.02
November,kivi,5171.0,306.0,120.0,33517.31,5.92,39.22,2.32,60.78,6.48
November,oneplus,7028.0,180.0,49.0,30193.43,2.56,27.22,0.7,72.78,4.3
November,respect,44311.0,1217.0,354.0,28947.31,2.75,29.09,0.8,70.91,0.65
November,starline,11847.0,727.0,194.0,28400.29,6.14,26.69,1.64,73.31,2.4
November,epson,5538.0,342.0,116.0,27927.26,6.18,33.92,2.09,66.08,5.04
November,sv,17445.0,327.0,112.0,27613.14,1.87,34.25,0.64,65.75,1.58
November,tcl,5354.0,331.0,104.0,27388.5,6.18,31.42,1.94,68.58,5.12
November,hansa,10950.0,390.0,100.0,27166.79,3.56,25.64,0.91,74.36,2.48
November,brw,18780.0,273.0,101.0,26712.29,1.45,37.0,0.54,63.0,1.42
November,redmond,27158.0,1183.0,365.0,26506.85,4.36,30.85,1.34,69.15,0.98
November,pulser,7978.0,163.0,46.0,26439.63,2.04,28.22,0.58,71.78,3.31
November,casio,21027.0,704.0,248.0,23936.27,3.35,35.23,1.18,64.77,1.14
November,sokolov,15427.0,426.0,157.0,23718.63,2.76,36.85,1.02,63.15,1.54
November,karcher,10612.0,437.0,91.0,22841.34,4.12,20.82,0.86,79.18,2.15
November,atlant,8614.0,355.0,78.0,21779.56,4.12,21.97,0.91,78.03,2.53
November,delonghi,4833.0,163.0,54.0,21267.34,3.37,33.13,1.12,66.87,4.4
November,yamaha,4631.0,198.0,54.0,20788.87,4.28,27.27,1.17,72.73,4.49
November,nokia,15463.0,573.0,220.0,20062.9,3.71,38.39,1.42,61.61,1.3
November,stels,15279.0,731.0,193.0,18988.2,4.78,26.4,1.26,73.6,1.24
November,huter,6889.0,367.0,95.0,18917.31,5.33,25.89,1.38,74.11,2.75
November,viatti,15313.0,1483.0,421.0,18694.92,9.68,28.39,2.75,71.61,1.22
November,vitek,24511.0,1378.0,425.0,18646.36,5.62,30.84,1.73,69.16,0.76
November,electrolux,7435.0,224.0,87.0,18611.8,3.01,38.84,1.17,61.16,2.5
November,arg,7096.0,461.0,168.0,18312.47,6.5,36.44,2.37,63.56,2.58
November,bts,11064.0,211.0,63.0,18212.0,1.91,29.86,0.57,70.14,1.65
November,yokohama,7952.0,627.0,185.0,17944.32,7.88,29.51,2.33,70.49,2.26
November,braun,11830.0,547.0,178.0,17764.58,4.62,32.54,1.5,67.46,1.5
November,navien,1671.0,174.0,30.0,17574.98,10.41,17.24,1.8,82.76,10.52
November,ariston,5663.0,462.0,131.0,17270.56,8.16,28.35,2.31,71.65,3.05
November,force,9603.0,407.0,103.0,17101.59,4.24,25.31,1.07,74.69,1.78
November,lider,3184.0,91.0,40.0,16979.33,2.86,43.96,1.26,56.04,5.33
November,meizu,13215.0,423.0,135.0,16845.54,3.2,31.91,1.02,68.09,1.27
November,thomas,4765.0,219.0,51.0,16718.04,4.6,23.29,1.07,76.71,3.51
November,honor,7973.0,149.0,71.0,15889.1,1.87,47.65,0.89,52.35,1.99
November,triangle,11961.0,1073.0,323.0,15813.32,8.97,30.1,2.7,69.9,1.32
November,pioneer,12114.0,379.0,129.0,15644.02,3.13,34.04,1.06,65.96,1.29
November,msi,4803.0,123.0,25.0,15082.12,2.56,20.33,0.52,79.67,3.14
November,polaris,20069.0,829.0,280.0,13871.34,4.13,33.78,1.4,66.22,0.69
November,nikon,2526.0,95.0,30.0,13445.88,3.76,31.58,1.19,68.42,5.32
November,jbl,11053.0,576.0,186.0,13423.13,5.21,32.29,1.68,67.71,1.21
November,dinastia,2949.0,89.0,35.0,13322.34,3.02,39.33,1.19,60.67,4.52
November,elenberg,16163.0,883.0,344.0,13089.74,5.46,38.96,2.13,61.04,0.81
November,gorenje,6971.0,179.0,59.0,13040.04,2.57,32.96,0.85,67.04,1.87
November,dji,2025.0,45.0,12.0,12544.93,2.22,26.67,0.59,73.33,6.2
November,kenwood,7087.0,196.0,64.0,12507.0,2.77,32.65,0.9,67.35,1.76
November,yasin,4278.0,161.0,47.0,12431.07,3.76,29.19,1.1,70.81,2.91
November,dyson,2322.0,72.0,21.0,12272.58,3.1,29.17,0.9,70.83,5.29
November,garmin,6264.0,103.0,24.0,11831.53,1.64,23.3,0.38,76.7,1.89
November,tissot,3419.0,67.0,21.0,11020.09,1.96,31.34,0.61,68.66,3.22
November,matador,6620.0,665.0,198.0,10996.6,10.05,29.77,2.99,70.23,1.66
November,gefest,7049.0,215.0,55.0,10248.94,3.05,25.58,0.78,74.42,1.45
November,michelin,4755.0,304.0,77.0,9978.28,6.39,25.33,1.62,74.67,2.1
November,sho-me,3864.0,202.0,70.0,9744.72,5.23,34.65,1.81,65.35,2.52
November,microsoft,2433.0,72.0,21.0,9277.4,2.96,29.17,0.86,70.83,3.81
November,skad,6304.0,246.0,40.0,9183.61,3.9,16.26,0.63,83.74,1.46
November,rowenta,7757.0,415.0,159.0,9048.73,5.35,38.31,2.05,61.69,1.17
November,goodyear,4234.0,310.0,77.0,8667.15,7.32,24.84,1.82,75.16,2.05
November,maxxis,5959.0,486.0,114.0,8664.98,8.16,23.46,1.91,76.54,1.45
November,bridgestone,3543.0,249.0,59.0,8578.1,7.03,23.69,1.67,76.31,2.42
November,bernina,910.0,33.0,10.0,8564.92,3.63,30.3,1.1,69.7,9.41
November,panasonic,9072.0,376.0,90.0,8352.6,4.14,23.94,0.99,76.06,0.92
November,creed,1932.0,72.0,35.0,8195.76,3.73,48.61,1.81,51.39,4.24
November,gigabyte,4367.0,137.0,38.0,8171.46,3.14,27.74,0.87,72.26,1.87
November,makita,4867.0,106.0,31.0,7991.17,2.18,29.25,0.64,70.75,1.64
November,baden,17532.0,422.0,111.0,7936.49,2.41,26.3,0.63,73.7,0.45
November,tp-link,4736.0,232.0,94.0,7620.49,4.9,40.52,1.98,59.48,1.61
November,omron,4991.0,423.0,127.0,7461.03,8.48,30.02,2.54,69.98,1.49
November,hubert,1257.0,49.0,16.0,7424.76,3.9,32.65,1.27,67.35,5.91
November,kurzweil,870.0,26.0,7.0,7396.46,2.99,26.92,0.8,73.08,8.5
November,rals,4211.0,72.0,13.0,7363.84,1.71,18.06,0.31,81.94,1.75
November,montale,4942.0,195.0,78.0,7362.31,3.95,40.0,1.58,60.0,1.49
November,tunga,7817.0,713.0,196.0,7125.26,9.12,27.49,2.51,72.51,0.91
November,umi,1154.0,39.0,14.0,7052.57,3.38,35.9,1.21,64.1,6.11
November,belecoo,4616.0,162.0,58.0,7051.28,3.51,35.8,1.26,64.2,1.53
November,smeg,2869.0,45.0,16.0,7049.78,1.57,35.56,0.56,64.44,2.46
November,vegas,3539.0,110.0,31.0,6986.06,3.11,28.18,0.88,71.82,1.97
November,alkor,2809.0,59.0,16.0,6722.74,2.1,27.12,0.57,72.88,2.39
November,dewalt,4977.0,178.0,30.0,6696.61,3.58,16.85,0.6,83.15,1.35
November,changhong,1824.0,76.0,29.0,6630.12,4.17,38.16,1.59,61.84,3.63
November,kapsen,5448.0,459.0,133.0,6552.02,8.43,28.98,2.44,71.02,1.2
November,askona,3591.0,118.0,38.0,6491.42,3.29,32.2,1.06,67.8,1.81
November,toshiba,2384.0,81.0,28.0,6378.54,3.4,34.57,1.17,65.43,2.68
November,element,1939.0,109.0,50.0,6295.39,5.62,45.87,2.58,54.13,3.25
November,versace,4127.0,211.0,62.0,6258.96,5.11,29.38,1.5,70.62,1.52
November,bars,2406.0,270.0,99.0,5987.26,11.22,36.67,4.11,63.33,2.49
November,intel,3288.0,72.0,23.0,5914.06,2.19,31.94,0.7,68.06,1.8
November,moulinex,4687.0,178.0,49.0,5815.15,3.8,27.53,1.05,72.47,1.24
November,kingston,6036.0,347.0,110.0,5802.33,5.75,31.7,1.82,68.3,0.96
November,robertobravo,1770.0,20.0,4.0,5706.09,1.13,20.0,0.23,80.0,3.22
November,candy,3013.0,99.0,20.0,5632.14,3.29,20.2,0.66,79.8,1.87
November,chanel,2632.0,92.0,35.0,5609.36,3.5,38.04,1.33,61.96,2.13
November,delta,3308.0,150.0,51.0,5560.14,4.53,34.0,1.54,66.0,1.68
November,shivaki,3715.0,132.0,38.0,5541.61,3.55,28.79,1.02,71.21,1.49
November,sportelite,1456.0,51.0,12.0,5492.3,3.5,23.53,0.82,76.47,3.77
November,roadx,4378.0,370.0,102.0,5377.74,8.45,27.57,2.33,72.43,1.23
November,powertrac,3847.0,421.0,130.0,5304.06,10.94,30.88,3.38,69.12,1.38
November,rusgoldart,1394.0,49.0,19.0,5303.89,3.52,38.78,1.36,61.22,3.8
November,neoline,3751.0,126.0,31.0,5300.02,3.36,24.6,0.83,75.4,1.41
November,hygge,909.0,26.0,6.0,5161.02,2.86,23.08,0.66,76.92,5.68
November,dell,4561.0,46.0,11.0,5153.44,1.01,23.91,0.24,76.09,1.13
November,dior,2419.0,86.0,42.0,5097.69,3.56,48.84,1.74,51.16,2.11
November,palit,1965.0,126.0,19.0,5093.46,6.41,15.08,0.97,84.92,2.59
November,ergo,1645.0,50.0,17.0,4936.78,3.04,34.0,1.03,66.0,3.0
November,magnetta,2969.0,67.0,16.0,4815.91,2.26,23.88,0.54,76.12,1.62
November,omabelle,1879.0,14.0,3.0,4774.9,0.75,21.43,0.16,78.57,2.54
November,erlit,2089.0,65.0,14.0,4722.13,3.11,21.54,0.67,78.46,2.26
November,prestigio,4423.0,264.0,96.0,4712.87,5.97,36.36,2.17,63.64,1.07
November,imperial,4963.0,76.0,13.0,4711.37,1.53,17.11,0.26,82.89,0.95
November,kipardo,1807.0,68.0,13.0,4666.79,3.76,19.12,0.72,80.88,2.58
November,wacom,662.0,32.0,9.0,4621.36,4.83,28.13,1.36,71.88,6.98
November,rinnai,554.0,24.0,5.0,4556.33,4.33,20.83,0.9,79.17,8.22
November,nika,6087.0,331.0,93.0,4485.86,5.44,28.1,1.53,71.9,0.74
November,scarlett,11302.0,427.0,126.0,4427.13,3.78,29.51,1.11,70.49,0.39
November,kitfort,4455.0,177.0,35.0,4310.55,3.97,19.77,0.79,80.23,0.97
November,giant,954.0,14.0,5.0,4289.69,1.47,35.71,0.52,64.29,4.5
November,pocketbook,2138.0,115.0,29.0,4276.43,5.38,25.22,1.36,74.78,2.0
November,asm,2560.0,49.0,9.0,4215.28,1.91,18.37,0.35,81.63,1.65
November,gopro,1209.0,46.0,8.0,4099.7,3.8,17.39,0.66,82.61,3.39
November,fly,2523.0,57.0,25.0,4001.24,2.26,43.86,0.99,56.14,1.59
November,elari,4341.0,148.0,69.0,3960.9,3.41,46.62,1.59,53.38,0.91
November,alteco,4684.0,195.0,57.0,3920.9,4.16,29.23,1.22,70.77,0.84
November,alpine,2244.0,48.0,24.0,3804.95,2.14,50.0,1.07,50.0,1.7
November,orient,3168.0,74.0,25.0,3801.86,2.34,33.78,0.79,66.22,1.2
November,joie,2458.0,99.0,24.0,3759.42,4.03,24.24,0.98,75.76,1.53
November,aeroforce,3006.0,93.0,26.0,3741.46,3.09,27.96,0.86,72.04,1.24
November,nexen,3039.0,209.0,50.0,3733.92,6.88,23.92,1.65,76.08,1.23
November,armani,1954.0,28.0,13.0,3724.41,1.43,46.43,0.67,53.57,1.91
November,skyworth,563.0,16.0,6.0,3652.89,2.84,37.5,1.07,62.5,6.49
November,pinskdrev,1022.0,18.0,3.0,3642.31,1.76,16.67,0.29,83.33,3.56
November,gigawatt,1674.0,77.0,36.0,3595.97,4.6,46.75,2.15,53.25,2.15
November,fender,860.0,20.0,10.0,3583.57,2.33,50.0,1.16,50.0,4.17
November,continental,2612.0,114.0,28.0,3582.24,4.36,24.56,1.07,75.44,1.37
November,joyroad,2786.0,303.0,81.0,3547.58,10.88,26.73,2.91,73.27,1.27
November,rieker,10900.0,191.0,37.0,3515.16,1.75,19.37,0.34,80.63,0.32
November,nike,8783.0,70.0,29.0,3510.98,0.8,41.43,0.33,58.57,0.4
November,zeta,5246.0,213.0,53.0,3481.42,4.06,24.88,1.01,75.12,0.66
November,transcend,3806.0,305.0,68.0,3462.43,8.01,22.3,1.79,77.7,0.91
November,crown,6457.0,257.0,64.0,3373.46,3.98,24.9,0.99,75.1,0.52
November,rivertoys,2272.0,91.0,22.0,3319.53,4.01,24.18,0.97,75.82,1.46
November,bq,5496.0,157.0,60.0,3297.27,2.86,38.22,1.09,61.78,0.6
November,ostamebel,747.0,17.0,5.0,3289.11,2.28,29.41,0.67,70.59,4.4
November,almacom,2866.0,97.0,22.0,3221.41,3.38,22.68,0.77,77.32,1.12
November,asel,3686.0,239.0,63.0,3202.67,6.48,26.36,1.71,73.64,0.87
November,kugoo,628.0,16.0,8.0,3164.45,2.55,50.0,1.27,50.0,5.04
November,wingoffly,2108.0,64.0,27.0,3138.88,3.04,42.19,1.28,57.81,1.49
November,thermex,1121.0,76.0,31.0,3058.67,6.78,40.79,2.77,59.21,2.73
November,rondell,6392.0,177.0,53.0,3040.53,2.77,29.94,0.83,70.06,0.48
November,granhel,3544.0,167.0,28.0,3038.1,4.71,16.77,0.79,83.23,0.86
November,jaguar,2458.0,115.0,23.0,3023.96,4.68,20.0,0.94,80.0,1.23
November,smart,1373.0,20.0,5.0,2997.5,1.46,25.0,0.36,75.0,2.18
November,comforser,2777.0,242.0,56.0,2994.81,8.71,23.14,2.02,76.86,1.08
November,cybex,1014.0,15.0,7.0,2987.04,1.48,46.67,0.69,53.33,2.95
November,hankook,1823.0,98.0,31.0,2959.64,5.38,31.63,1.7,68.37,1.62
November,housefit,2066.0,53.0,9.0,2935.27,2.57,16.98,0.44,83.02,1.42
November,domini,2182.0,70.0,16.0,2926.72,3.21,22.86,0.73,77.14,1.34
November,oasis,4834.0,334.0,77.0,2909.5,6.91,23.05,1.59,76.95,0.6
November,chayka,1496.0,88.0,28.0,2859.46,5.88,31.82,1.87,68.18,1.91
November,atlantic,1029.0,33.0,16.0,2859.18,3.21,48.48,1.55,51.52,2.78
November,stihl,1555.0,44.0,9.0,2782.05,2.83,20.45,0.58,79.55,1.79
November,google,1275.0,6.0,4.0,2766.1,0.47,66.67,0.31,33.33,2.17
November,greyder,5108.0,109.0,24.0,2751.65,2.13,22.02,0.47,77.98,0.54
November,pandora,2784.0,51.0,13.0,2708.38,1.83,25.49,0.47,74.51,0.97
November,harper,3002.0,106.0,28.0,2658.6,3.53,26.42,0.93,73.58,0.89
November,lanvin,3218.0,196.0,63.0,2658.03,6.09,32.14,1.96,67.86,0.83
November,goodride,2726.0,243.0,57.0,2650.08,8.91,23.46,2.09,76.54,0.97
November,gucci,1486.0,66.0,21.0,2619.87,4.44,31.82,1.41,68.18,1.76
November,gislaved,1294.0,101.0,33.0,2603.04,7.81,32.67,2.55,67.33,2.01
November,tigar,2093.0,132.0,34.0,2575.5,6.31,25.76,1.62,74.24,1.23
November,peda,529.0,5.0,2.0,2571.5,0.95,40.0,0.38,60.0,4.86
November,cort,589.0,22.0,11.0,2570.22,3.74,50.0,1.87,50.0,4.36
November,pirelli,2447.0,161.0,24.0,2561.22,6.58,14.91,0.98,85.09,1.05
November,ballu,3655.0,156.0,50.0,2549.44,4.27,32.05,1.37,67.95,0.7
November,timberk,3083.0,169.0,56.0,2512.14,5.48,33.14,1.82,66.86,0.81
November,ea,893.0,137.0,40.0,2488.19,15.34,29.2,4.48,70.8,2.79
November,netechnics,1728.0,16.0,3.0,2483.89,0.93,18.75,0.17,81.25,1.44
November,remington,3025.0,129.0,43.0,2482.58,4.26,33.33,1.42,66.67,0.82
November,chicco,4352.0,86.0,21.0,2445.3,1.98,24.42,0.48,75.58,0.56
November,uno,617.0,24.0,5.0,2385.26,3.89,20.83,0.81,79.17,3.87
November,amazon,501.0,9.0,6.0,2350.97,1.8,66.67,1.2,33.33,4.69
November,whirlpool,858.0,9.0,3.0,2334.4,1.05,33.33,0.35,66.67,2.72
November,brother,1519.0,72.0,17.0,2331.7,4.74,23.61,1.12,76.39,1.54
November,racer,690.0,33.0,14.0,2330.84,4.78,42.42,2.03,57.58,3.38
November,pride,1713.0,56.0,17.0,2310.12,3.27,30.36,0.99,69.64,1.35
November,salamander,4019.0,74.0,20.0,2302.27,1.84,27.03,0.5,72.97,0.57
November,nintendo,916.0,14.0,8.0,2292.81,1.53,57.14,0.87,42.86,2.5
November,ibox,3049.0,119.0,25.0,2288.38,3.9,21.01,0.82,78.99,0.75
November,lorelli,2938.0,88.0,29.0,2252.79,3.0,32.95,0.99,67.05,0.77
November,irobot,876.0,10.0,5.0,2246.83,1.14,50.0,0.57,50.0,2.56
November,incanto,1919.0,63.0,14.0,2203.04,3.28,22.22,0.73,77.78,1.15
November,kicx,2282.0,71.0,29.0,2174.05,3.11,40.85,1.27,59.15,0.95
November,asrock,1729.0,49.0,15.0,2141.88,2.83,30.61,0.87,69.39,1.24
November,toyo,1684.0,89.0,18.0,2139.71,5.29,20.22,1.07,79.78,1.27
November,carfashion,4733.0,124.0,31.0,2133.6,2.62,25.0,0.65,75.0,0.45
November,horizont,1581.0,75.0,14.0,2129.77,4.74,18.67,0.89,81.33,1.35
November,hotpoint-ariston,1998.0,37.0,9.0,2093.79,1.85,24.32,0.45,75.68,1.05
November,amd,1994.0,77.0,13.0,2088.02,3.86,16.88,0.65,83.12,1.05
November,darina,1351.0,33.0,12.0,2050.87,2.44,36.36,0.89,63.64,1.52
November,leadbros,789.0,48.0,11.0,2036.11,6.08,22.92,1.39,77.08,2.58
November,avalon,1180.0,9.0,3.0,2018.59,0.76,33.33,0.25,66.67,1.71
November,varta,897.0,59.0,19.0,2008.34,6.58,32.2,2.12,67.8,2.24
November,eurolux,1598.0,81.0,23.0,1969.55,5.07,28.4,1.44,71.6,1.23
November,marshall,1696.0,63.0,21.0,1959.76,3.71,33.33,1.24,66.67,1.16
November,sven,3770.0,149.0,52.0,1928.15,3.95,34.9,1.38,65.1,0.51
November,aerocool,2375.0,101.0,23.0,1924.69,4.25,22.77,0.97,77.23,0.81
November,vestel,561.0,21.0,8.0,1922.62,3.74,38.1,1.43,61.9,3.43
November,jade,1192.0,13.0,7.0,1915.28,1.09,53.85,0.59,46.15,1.61
November,denzel,1270.0,39.0,7.0,1909.58,3.07,17.95,0.55,82.05,1.5
November,metabo,1079.0,9.0,4.0,1905.82,0.83,44.44,0.37,55.56,1.77
November,garrett,783.0,17.0,9.0,1896.79,2.17,52.94,1.15,47.06,2.42
November,adil,1535.0,55.0,18.0,1876.49,3.58,32.73,1.17,67.27,1.22
November,apacer,1932.0,117.0,46.0,1872.71,6.06,39.32,2.38,60.68,0.97
November,cantra,3201.0,68.0,22.0,1866.87,2.12,32.35,0.69,67.65,0.58
November,hyperx,1820.0,76.0,26.0,1834.55,4.18,34.21,1.43,65.79,1.01
November,dxracer,986.0,18.0,6.0,1819.25,1.83,33.33,0.61,66.67,1.85
November,flama,1739.0,59.0,12.0,1810.57,3.39,20.34,0.69,79.66,1.04
November,phoenix,977.0,34.0,10.0,1800.78,3.48,29.41,1.02,70.59,1.84
November,diamondunion,1057.0,37.0,9.0,1785.38,3.5,24.32,0.85,75.68,1.69
November,stagg,963.0,40.0,16.0,1771.72,4.15,40.0,1.66,60.0,1.84
November,babyliss,2546.0,83.0,28.0,1762.79,3.26,33.73,1.1,66.27,0.69
November,efremov,1440.0,28.0,12.0,1756.29,1.94,42.86,0.83,57.14,1.22
November,romana,802.0,17.0,7.0,1750.64,2.12,41.18,0.87,58.82,2.18
November,ersport,895.0,38.0,12.0,1730.62,4.25,31.58,1.34,68.42,1.93
November,akom,1193.0,98.0,23.0,1724.13,8.21,23.47,1.93,76.53,1.45
November,adamex,587.0,10.0,4.0,1719.47,1.7,40.0,0.68,60.0,2.93
November,jvc,2903.0,103.0,24.0,1707.36,3.55,23.3,0.83,76.7,0.59
November,matrol,1359.0,53.0,15.0,1701.34,3.9,28.3,1.1,71.7,1.25
November,hifly,1669.0,137.0,31.0,1687.57,8.21,22.63,1.86,77.37,1.01
November,tomfarr,9702.0,48.0,14.0,1687.29,0.49,29.17,0.14,70.83,0.17
November,genesis,1255.0,111.0,32.0,1684.17,8.84,28.83,2.55,71.17,1.34
November,cover,1301.0,28.0,10.0,1673.4,2.15,35.71,0.77,64.29,1.29
November,teploross,720.0,40.0,6.0,1672.52,5.56,15.0,0.83,85.0,2.32
November,weekend,2059.0,10.0,3.0,1662.84,0.49,30.0,0.15,70.0,0.81
November,dwt,1767.0,48.0,21.0,1662.48,2.72,43.75,1.19,56.25,0.94
November,luminarc,4720.0,88.0,27.0,1655.92,1.86,30.68,0.57,69.32,0.35
November,blaupunkt,641.0,15.0,5.0,1644.24,2.34,33.33,0.78,66.67,2.57
November,baltekstil,1714.0,46.0,15.0,1636.85,2.68,32.61,0.88,67.39,0.95
November,karya,4609.0,94.0,32.0,1627.55,2.04,34.04,0.69,65.96,0.35
November,beats,541.0,15.0,7.0,1626.1,2.77,46.67,1.29,53.33,3.01
November,huion,617.0,35.0,5.0,1601.62,5.67,14.29,0.81,85.71,2.6
November,peg-perego,933.0,37.0,10.0,1595.25,3.97,27.03,1.07,72.97,1.71
November,aoc,839.0,15.0,6.0,1578.33,1.79,40.0,0.72,60.0,1.88
November,king,1012.0,24.0,11.0,1553.22,2.37,45.83,1.09,54.17,1.53
November,glasman,645.0,9.0,8.0,1531.36,1.4,88.89,1.24,11.11,2.37
November,maxwell,5182.0,222.0,58.0,1519.55,4.28,26.13,1.12,73.87,0.29
November,kartal,1828.0,34.0,7.0,1491.17,1.86,20.59,0.38,79.41,0.82
November,fila,3186.0,46.0,15.0,1483.33,1.44,32.61,0.47,67.39,0.47
November,canyon,2268.0,82.0,36.0,1476.83,3.62,43.9,1.59,56.1,0.65
November,boccia,1412.0,21.0,14.0,1464.65,1.49,66.67,0.99,33.33,1.04
November,neo,1405.0,12.0,2.0,1451.26,0.85,16.67,0.14,83.33,1.03
November,nexpero,3909.0,91.0,19.0,1450.98,2.33,20.88,0.49,79.12,0.37
November,givenchy,1186.0,41.0,14.0,1444.33,3.46,34.15,1.18,65.85,1.22
November,strobbs,4412.0,91.0,23.0,1443.54,2.06,25.27,0.52,74.73,0.33
November,bork,628.0,11.0,3.0,1436.26,1.75,27.27,0.48,72.73,2.29
November,kormoran,1204.0,86.0,27.0,1431.93,7.14,31.4,2.24,68.6,1.19
November,velvet-santiago,667.0,4.0,4.0,1424.54,0.6,100.0,0.6,0.0,2.14
November,sunwide,776.0,67.0,25.0,1381.74,8.63,37.31,3.22,62.69,1.78
November,intex,3980.0,112.0,28.0,1379.94,2.81,25.0,0.7,75.0,0.35
November,cersanit,671.0,20.0,13.0,1371.99,2.98,65.0,1.94,35.0,2.04
November,navitel,998.0,20.0,15.0,1355.44,2.0,75.0,1.5,25.0,1.36
November,alphard,1139.0,27.0,11.0,1330.53,2.37,40.74,0.97,59.26,1.17
November,voltman,678.0,57.0,18.0,1327.44,8.41,31.58,2.65,68.42,1.96
November,fassen,3692.0,100.0,28.0,1322.59,2.71,28.0,0.76,72.0,0.36
November,lego,4843.0,125.0,20.0,1317.53,2.58,16.0,0.41,84.0,0.27
November,pituso,992.0,24.0,14.0,1309.43,2.42,58.33,1.41,41.67,1.32
November,bulgari,1017.0,59.0,18.0,1307.0,5.8,30.51,1.77,69.49,1.29
November,bfgoodrich,1629.0,82.0,12.0,1287.4,5.03,14.63,0.74,85.37,0.79
November,laston,1139.0,37.0,14.0,1285.87,3.25,37.84,1.23,62.16,1.13
November,domyos,989.0,28.0,7.0,1284.93,2.83,25.0,0.71,75.0,1.3
November,microlab,1951.0,64.0,28.0,1274.71,3.28,43.75,1.44,56.25,0.65
November,daneildesch,1241.0,23.0,9.0,1274.13,1.85,39.13,0.73,60.87,1.03
November,hoover,538.0,30.0,12.0,1266.2,5.58,40.0,2.23,60.0,2.35
November,aimoto,1980.0,77.0,23.0,1261.86,3.89,29.87,1.16,70.13,0.64
November,almada,940.0,27.0,6.0,1259.33,2.87,22.22,0.64,77.78,1.34
November,kristal,504.0,25.0,5.0,1244.24,4.96,20.0,0.99,80.0,2.47
November,legre,1964.0,71.0,14.0,1239.45,3.62,19.72,0.71,80.28,0.63
November,roadstone,1242.0,87.0,19.0,1231.94,7.0,21.84,1.53,78.16,0.99
November,rebus,641.0,17.0,6.0,1226.0,2.65,35.29,0.94,64.71,1.91
November,alis,1045.0,45.0,15.0,1224.9,4.31,33.33,1.44,66.67,1.17
November,cortland,1051.0,36.0,12.0,1191.81,3.43,33.33,1.14,66.67,1.13
November,galaxy,5936.0,181.0,46.0,1188.6,3.05,25.41,0.77,74.59,0.2
November,willmark,2675.0,212.0,53.0,1182.16,7.93,25.0,1.98,75.0,0.44
November,polini,1046.0,20.0,9.0,1181.27,1.91,45.0,0.86,55.0,1.13
November,etor,2334.0,52.0,10.0,1178.92,2.23,19.23,0.43,80.77,0.51
November,stendmebel,1960.0,36.0,6.0,1173.96,1.84,16.67,0.31,83.33,0.6
November,htc,638.0,16.0,5.0,1173.17,2.51,31.25,0.78,68.75,1.84
November,playme,706.0,26.0,8.0,1168.21,3.68,30.77,1.13,69.23,1.65
November,kitchenaid,1135.0,11.0,2.0,1167.85,0.97,18.18,0.18,81.82,1.03
November,bestoy,629.0,32.0,17.0,1153.13,5.09,53.13,2.7,46.88,1.83
November,moschino,1282.0,86.0,24.0,1142.82,6.71,27.91,1.87,72.09,0.89
November,texet,3367.0,155.0,47.0,1132.47,4.6,30.32,1.4,69.68,0.34
November,merelani,2680.0,32.0,12.0,1094.76,1.19,37.5,0.45,62.5,0.41
November,hyundai,1847.0,71.0,12.0,1089.75,3.84,16.9,0.65,83.1,0.59
November,edge,880.0,26.0,9.0,1088.2,2.95,34.62,1.02,65.38,1.24
November,burton,923.0,16.0,4.0,1059.49,1.73,25.0,0.43,75.0,1.15
November,habilead,1540.0,103.0,19.0,1047.38,6.69,18.45,1.23,81.55,0.68
November,artmusical,1145.0,32.0,7.0,1037.33,2.79,21.88,0.61,78.13,0.91
November,powercolor,568.0,21.0,5.0,1027.83,3.7,23.81,0.88,76.19,1.81
November,turbo,1246.0,44.0,16.0,1024.01,3.53,36.36,1.28,63.64,0.82
November,thermaltake,1060.0,23.0,7.0,1020.72,2.17,30.43,0.66,69.57,0.96
November,ikea,3361.0,75.0,20.0,1013.78,2.23,26.67,0.6,73.33,0.3
November,berghoff,1863.0,35.0,12.0,1002.83,1.88,34.29,0.64,65.71,0.54
November,mart,1557.0,66.0,22.0,998.52,4.24,33.33,1.41,66.67,0.64
November,inoi,1883.0,55.0,20.0,994.71,2.92,36.36,1.06,63.64,0.53
November,arnica,2240.0,70.0,7.0,987.98,3.13,10.0,0.31,90.0,0.44
November,perilla,2286.0,115.0,37.0,978.51,5.03,32.17,1.62,67.83,0.43
November,alesis,591.0,18.0,6.0,976.44,3.05,33.33,1.02,66.67,1.65
November,fujifilm,828.0,36.0,8.0,968.82,4.35,22.22,0.97,77.78,1.17
November,pt-group,1517.0,22.0,4.0,952.42,1.45,18.18,0.26,81.82,0.63
November,swisshome,917.0,26.0,7.0,951.37,2.84,26.92,0.76,73.08,1.04
November,shenma,630.0,24.0,16.0,934.39,3.81,66.67,2.54,33.33,1.48
November,m-audio,593.0,18.0,6.0,930.62,3.04,33.33,1.01,66.67,1.57
November,komfort-s,1311.0,13.0,3.0,921.7,0.99,23.08,0.23,76.92,0.7
November,wonlex,2790.0,87.0,26.0,916.03,3.12,29.89,0.93,70.11,0.33
November,cougar,525.0,17.0,9.0,910.43,3.24,52.94,1.71,47.06,1.73
November,nitto,666.0,33.0,11.0,908.88,4.95,33.33,1.65,66.67,1.36
November,toyota,584.0,19.0,6.0,901.67,3.25,31.58,1.03,68.42,1.54
November,triton,646.0,14.0,2.0,894.14,2.17,14.29,0.31,85.71,1.38
November,saturn,2606.0,70.0,19.0,884.31,2.69,27.14,0.73,72.86,0.34
November,sava,830.0,43.0,11.0,875.5,5.18,25.58,1.33,74.42,1.05
November,diamant,604.0,14.0,6.0,867.98,2.32,42.86,0.99,57.14,1.44
November,lancome,720.0,45.0,12.0,861.84,6.25,26.67,1.67,73.33,1.2
November,bauer,1118.0,32.0,15.0,855.71,2.86,46.88,1.34,53.13,0.77
November,trebl,2396.0,157.0,10.0,855.63,6.55,6.37,0.42,93.63,0.36
November,bodysculpture,691.0,26.0,2.0,846.48,3.76,7.69,0.29,92.31,1.23
November,matrix,2392.0,51.0,15.0,846.04,2.13,29.41,0.63,70.59,0.35
November,irbis,1339.0,24.0,10.0,845.19,1.79,41.67,0.75,58.33,0.63
November,casper,608.0,14.0,8.0,843.26,2.3,57.14,1.32,42.86,1.39
November,total,1839.0,49.0,22.0,828.09,2.66,44.9,1.2,55.1,0.45
November,burgerschuhe,1440.0,25.0,8.0,825.26,1.74,32.0,0.56,68.0,0.57
November,gree,898.0,29.0,3.0,819.01,3.23,10.34,0.33,89.66,0.91
November,dunlop,971.0,63.0,8.0,803.5,6.49,12.7,0.82,87.3,0.83
November,deepcool,1731.0,79.0,27.0,798.53,4.56,34.18,1.56,65.82,0.46
November,lacoste,973.0,63.0,14.0,788.2,6.47,22.22,1.44,77.78,0.81
November,rooman,2379.0,52.0,13.0,787.67,2.19,25.0,0.55,75.0,0.33
November,edufun,1129.0,38.0,7.0,777.2,3.37,18.42,0.62,81.58,0.69
November,plantronics,980.0,47.0,17.0,765.57,4.8,36.17,1.73,63.83,0.78
November,hertz,998.0,23.0,7.0,764.86,2.3,30.43,0.7,69.57,0.77
November,farroad,945.0,71.0,13.0,762.17,7.51,18.31,1.38,81.69,0.81
November,geil,1114.0,51.0,16.0,748.04,4.58,31.37,1.44,68.63,0.67
November,eltempo,519.0,22.0,9.0,731.05,4.24,40.91,1.73,59.09,1.41
November,babyswing,565.0,35.0,9.0,730.7,6.19,25.71,1.59,74.29,1.29
November,mazzini,1189.0,110.0,19.0,726.45,9.25,17.27,1.6,82.73,0.61
November,sailun,535.0,38.0,12.0,724.98,7.1,31.58,2.24,68.42,1.36
November,velvet,929.0,17.0,4.0,723.99,1.83,23.53,0.43,76.47,0.78
November,ovation,940.0,53.0,15.0,718.43,5.64,28.3,1.6,71.7,0.76
November,jet,1288.0,45.0,23.0,712.46,3.49,51.11,1.79,48.89,0.55
November,versale,777.0,17.0,7.0,707.31,2.19,41.18,0.9,58.82,0.91
November,mebelson,885.0,8.0,2.0,700.87,0.9,25.0,0.23,75.0,0.79
November,logitech,1889.0,78.0,14.0,699.74,4.13,17.95,0.74,82.05,0.37
November,llorens,1543.0,39.0,16.0,699.35,2.53,41.03,1.04,58.97,0.45
November,moldabela,715.0,18.0,4.0,696.54,2.52,22.22,0.56,77.78,0.97
November,mebelswow-rn,702.0,27.0,7.0,693.7,3.85,25.93,1.0,74.07,0.99
November,volta,908.0,60.0,17.0,693.49,6.61,28.33,1.87,71.67,0.76
November,acme,1554.0,35.0,12.0,693.34,2.25,34.29,0.77,65.71,0.45
November,swat,1517.0,41.0,12.0,682.39,2.7,29.27,0.79,70.73,0.45
November,seagate,953.0,52.0,10.0,679.45,5.46,19.23,1.05,80.77,0.71
November,millionaire,1345.0,33.0,9.0,676.18,2.45,27.27,0.67,72.73,0.5
November,vega,3931.0,81.0,25.0,674.49,2.06,30.86,0.64,69.14,0.17
November,razer,882.0,19.0,8.0,668.4,2.15,42.11,0.91,57.89,0.76
November,zubr,1994.0,40.0,12.0,652.87,2.01,30.0,0.6,70.0,0.33
November,ccm,581.0,12.0,6.0,643.51,2.07,50.0,1.03,50.0,1.11
November,gipfel,1450.0,12.0,5.0,639.0,0.83,41.67,0.34,58.33,0.44
November,puma,1613.0,18.0,7.0,638.88,1.12,38.89,0.43,61.11,0.4
November,partner,547.0,15.0,6.0,635.34,2.74,40.0,1.1,60.0,1.16
November,sonel,736.0,27.0,6.0,635.02,3.67,22.22,0.82,77.78,0.86
November,renova,535.0,18.0,8.0,634.73,3.36,44.44,1.5,55.56,1.19
November,vihr,1028.0,41.0,14.0,631.91,3.99,34.15,1.36,65.85,0.61
November,celestron,666.0,8.0,2.0,625.5,1.2,25.0,0.3,75.0,0.94
November,kumho,570.0,45.0,9.0,620.09,7.89,20.0,1.58,80.0,1.09
November,bertoni,742.0,19.0,8.0,619.26,2.56,42.11,1.08,57.89,0.83
November,oursson,836.0,41.0,5.0,617.89,4.9,12.2,0.6,87.8,0.74
November,adidas,2318.0,41.0,6.0,617.76,1.77,14.63,0.26,85.37,0.27
November,rial,565.0,14.0,2.0,616.61,2.48,14.29,0.35,85.71,1.09
November,conceptclub,7635.0,70.0,17.0,615.99,0.92,24.29,0.22,75.71,0.08
November,maunfeld,605.0,22.0,5.0,615.34,3.64,22.73,0.83,77.27,1.02
November,ryobi,709.0,6.0,3.0,611.71,0.85,50.0,0.42,50.0,0.86
November,bergner,1331.0,25.0,13.0,611.08,1.88,52.0,0.98,48.0,0.46
November,ritmix,4572.0,147.0,38.0,607.1,3.22,25.85,0.83,74.15,0.13
November,peterhof,736.0,28.0,8.0,604.72,3.8,28.57,1.09,71.43,0.82
November,centurion,924.0,43.0,7.0,600.63,4.65,16.28,0.76,83.72,0.65
November,nakamichi,699.0,21.0,7.0,596.91,3.0,33.33,1.0,66.67,0.85
November,hasbro,1552.0,39.0,11.0,584.78,2.51,28.21,0.71,71.79,0.38
November,defender,3708.0,146.0,53.0,573.81,3.94,36.3,1.43,63.7,0.15
November,aqua,1243.0,64.0,17.0,564.2,5.15,26.56,1.37,73.44,0.45
November,maxtrek,804.0,22.0,7.0,555.99,2.74,31.82,0.87,68.18,0.69
November,zelmer,605.0,18.0,7.0,549.51,2.98,38.89,1.16,61.11,0.91
November,shimano,547.0,8.0,4.0,548.2,1.46,50.0,0.73,50.0,1.0
November,aoteli,644.0,49.0,11.0,541.08,7.61,22.45,1.71,77.55,0.84
November,bartek,537.0,16.0,7.0,537.99,2.98,43.75,1.3,56.25,1.0
November,bene,1368.0,36.0,20.0,537.2,2.63,55.56,1.46,44.44,0.39
November,kolner,1792.0,55.0,14.0,536.95,3.07,25.45,0.78,74.55,0.3
November,flight,645.0,20.0,6.0,536.7,3.1,30.0,0.93,70.0,0.83
November,garvalin,1285.0,18.0,8.0,523.82,1.4,44.44,0.62,55.56,0.41
November,hoco,1317.0,48.0,26.0,514.15,3.64,54.17,1.97,45.83,0.39
November,anytek,886.0,24.0,6.0,499.39,2.71,25.0,0.68,75.0,0.56
November,selby,780.0,36.0,11.0,499.08,4.62,30.56,1.41,69.44,0.64
November,trust,1716.0,48.0,9.0,498.08,2.8,18.75,0.52,81.25,0.29
November,karat,1609.0,42.0,9.0,494.25,2.61,21.43,0.56,78.57,0.31
November,mutant,595.0,30.0,12.0,489.08,5.04,40.0,2.02,60.0,0.82
November,bambola,785.0,23.0,9.0,487.74,2.93,39.13,1.15,60.87,0.62
November,bose,540.0,4.0,1.0,477.46,0.74,25.0,0.19,75.0,0.88
November,smile,981.0,24.0,10.0,471.65,2.45,41.67,1.02,58.33,0.48
November,axis,852.0,45.0,3.0,467.71,5.28,6.67,0.35,93.33,0.55
November,petek,1495.0,31.0,7.0,459.23,2.07,22.58,0.47,77.42,0.31
November,marcomenti,1378.0,14.0,3.0,455.61,1.02,21.43,0.22,78.57,0.33
November,evrodetal,553.0,13.0,2.0,444.28,2.35,15.38,0.36,84.62,0.8
November,huggies,1011.0,80.0,35.0,443.3,7.91,43.75,3.46,56.25,0.44
November,barneo,558.0,20.0,5.0,441.7,3.58,25.0,0.9,75.0,0.79
November,zte,697.0,16.0,5.0,434.93,2.3,31.25,0.72,68.75,0.62
November,doogee,1457.0,14.0,3.0,431.12,0.96,21.43,0.21,78.57,0.3
November,kukmara,1053.0,46.0,13.0,428.55,4.37,28.26,1.23,71.74,0.41
November,steelseries,718.0,32.0,9.0,425.81,4.46,28.13,1.25,71.88,0.59
November,stanley,3072.0,47.0,9.0,424.99,1.53,19.15,0.29,80.85,0.14
November,aplus,618.0,54.0,10.0,421.11,8.74,18.52,1.62,81.48,0.68
November,tonybellucci,792.0,13.0,6.0,405.16,1.64,46.15,0.76,53.85,0.51
November,syma,569.0,12.0,2.0,401.56,2.11,16.67,0.35,83.33,0.71
November,montblanc,738.0,48.0,10.0,400.1,6.5,20.83,1.36,79.17,0.54
November,axper,633.0,13.0,5.0,397.65,2.05,38.46,0.79,61.54,0.63
November,delmax,656.0,40.0,10.0,394.31,6.1,25.0,1.52,75.0,0.6
November,lux,1170.0,18.0,4.0,391.26,1.54,22.22,0.34,77.78,0.33
November,babytime,1238.0,16.0,6.0,386.65,1.29,37.5,0.48,62.5,0.31
November,gerat,2734.0,36.0,6.0,384.2,1.32,16.67,0.22,83.33,0.14
November,kenzo,551.0,21.0,4.0,377.07,3.81,19.05,0.73,80.95,0.68
November,vako,680.0,17.0,4.0,365.77,2.5,23.53,0.59,76.47,0.54
November,covani,798.0,13.0,3.0,364.74,1.63,23.08,0.38,76.92,0.46
November,amouage,727.0,3.0,1.0,363.46,0.41,33.33,0.14,66.67,0.5
November,reebok,1707.0,19.0,3.0,354.45,1.11,15.79,0.18,84.21,0.21
November,cenmax,650.0,25.0,5.0,354.29,3.85,20.0,0.77,80.0,0.55
November,bestway,1642.0,28.0,7.0,350.72,1.71,25.0,0.43,75.0,0.21
November,gross,592.0,6.0,3.0,349.52,1.01,50.0,0.51,50.0,0.59
November,fossil,1365.0,13.0,2.0,349.04,0.95,15.38,0.15,84.62,0.26
November,adriatica,569.0,7.0,2.0,344.16,1.23,28.57,0.35,71.43,0.6
November,svc,875.0,59.0,11.0,339.08,6.74,18.64,1.26,81.36,0.39
November,danielklein,909.0,20.0,8.0,331.79,2.2,40.0,0.88,60.0,0.37
November,alpina,583.0,8.0,2.0,330.51,1.37,25.0,0.34,75.0,0.57
November,balta,943.0,16.0,5.0,320.17,1.7,31.25,0.53,68.75,0.34
November,turboair,852.0,24.0,6.0,319.05,2.82,25.0,0.7,75.0,0.37
November,ubisoft,821.0,50.0,12.0,315.11,6.09,24.0,1.46,76.0,0.38
November,maxler,586.0,23.0,8.0,310.57,3.92,34.78,1.37,65.22,0.53
November,mykronoz,690.0,11.0,5.0,310.34,1.59,45.45,0.72,54.55,0.45
November,dkny,602.0,17.0,2.0,307.6,2.82,11.76,0.33,88.24,0.51
November,harley-davidson,1249.0,3.0,1.0,306.31,0.24,33.33,0.08,66.67,0.25
November,decoroom,787.0,33.0,10.0,304.83,4.19,30.3,1.27,69.7,0.39
November,tomahawk,952.0,16.0,3.0,293.43,1.68,18.75,0.32,81.25,0.31
November,native,816.0,13.0,2.0,288.24,1.59,15.38,0.25,84.62,0.35
November,oral-b,697.0,42.0,9.0,284.44,6.03,21.43,1.29,78.57,0.41
November,x-game,1727.0,62.0,11.0,275.75,3.59,17.74,0.64,82.26,0.16
November,remax,762.0,35.0,11.0,270.76,4.59,31.43,1.44,68.57,0.36
November,coballe,864.0,22.0,4.0,270.61,2.55,18.18,0.46,81.82,0.31
November,clatronic,874.0,12.0,5.0,270.29,1.37,41.67,0.57,58.33,0.31
November,sjcam,547.0,13.0,2.0,268.73,2.38,15.38,0.37,84.62,0.49
November,yoya,600.0,7.0,3.0,267.15,1.17,42.86,0.5,57.14,0.45
November,escan,1132.0,22.0,6.0,266.93,1.94,27.27,0.53,72.73,0.24
November,adata,587.0,29.0,7.0,264.58,4.94,24.14,1.19,75.86,0.45
November,bsa-wheels,521.0,16.0,1.0,258.44,3.07,6.25,0.19,93.75,0.5
November,bardahl,587.0,26.0,9.0,254.32,4.43,34.62,1.53,65.38,0.43
November,jinga,642.0,27.0,9.0,251.83,4.21,33.33,1.4,66.67,0.39
November,deluxe,1175.0,43.0,14.0,249.44,3.66,32.56,1.19,67.44,0.21
November,trollbeads,1206.0,6.0,3.0,246.28,0.5,50.0,0.25,50.0,0.2
November,caramelia,1077.0,25.0,8.0,245.37,2.32,32.0,0.74,68.0,0.23
November,gezatone,522.0,11.0,5.0,241.97,2.11,45.45,0.96,54.55,0.46
November,norfin,1698.0,23.0,6.0,239.74,1.35,26.09,0.35,73.91,0.14
November,thule,669.0,10.0,2.0,236.78,1.49,20.0,0.3,80.0,0.35
November,vichy,737.0,36.0,11.0,235.22,4.88,30.56,1.49,69.44,0.32
November,pozis,927.0,29.0,1.0,231.64,3.13,3.45,0.11,96.55,0.25
November,bruder,1261.0,26.0,3.0,230.15,2.06,11.54,0.24,88.46,0.18
November,elikor,511.0,15.0,2.0,223.41,2.94,13.33,0.39,86.67,0.44
November,grow-with-me,592.0,21.0,6.0,216.2,3.55,28.57,1.01,71.43,0.37
November,denn,672.0,36.0,9.0,212.91,5.36,25.0,1.34,75.0,0.32
November,jordan,1707.0,16.0,2.0,205.42,0.94,12.5,0.12,87.5,0.12
November,drjart,830.0,24.0,7.0,200.62,2.89,29.17,0.84,70.83,0.24
November,tamaris,933.0,13.0,3.0,199.23,1.39,23.08,0.32,76.92,0.21
November,arua,605.0,14.0,5.0,198.13,2.31,35.71,0.83,64.29,0.33
November,pupa,1055.0,50.0,15.0,197.51,4.74,30.0,1.42,70.0,0.19
November,usams,527.0,15.0,4.0,191.8,2.85,26.67,0.76,73.33,0.36
November,erkaplan,582.0,10.0,1.0,191.51,1.72,10.0,0.17,90.0,0.33
November,rombica,618.0,15.0,5.0,188.3,2.43,33.33,0.81,66.67,0.3
November,scovo,517.0,9.0,5.0,188.27,1.74,55.56,0.97,44.44,0.36
November,silverlit,4332.0,111.0,4.0,185.52,2.56,3.6,0.09,96.4,0.04
November,p.i.t.,995.0,22.0,4.0,176.27,2.21,18.18,0.4,81.82,0.18
November,shagovita,897.0,10.0,2.0,174.98,1.11,20.0,0.22,80.0,0.2
November,unit,616.0,30.0,8.0,174.64,4.87,26.67,1.3,73.33,0.28
November,akvaton,729.0,5.0,1.0,174.34,0.69,20.0,0.14,80.0,0.24
November,sparta,654.0,11.0,5.0,173.76,1.68,45.45,0.76,54.55,0.27
November,redragon,805.0,31.0,9.0,169.71,3.85,29.03,1.12,70.97,0.21
November,wellberg,561.0,23.0,4.0,161.51,4.1,17.39,0.71,82.61,0.29
November,levenhuk,823.0,16.0,4.0,159.38,1.94,25.0,0.49,75.0,0.19
November,hb,693.0,23.0,5.0,156.88,3.32,21.74,0.72,78.26,0.23
November,novline,1024.0,19.0,5.0,153.37,1.86,26.32,0.49,73.68,0.15
November,rastar,1333.0,33.0,5.0,153.18,2.48,15.15,0.38,84.85,0.11
November,missha,561.0,13.0,6.0,150.07,2.32,46.15,1.07,53.85,0.27
November,continent,827.0,33.0,12.0,147.55,3.99,36.36,1.45,63.64,0.18
November,picard,1338.0,10.0,2.0,146.72,0.75,20.0,0.15,80.0,0.11
November,awei,503.0,19.0,8.0,143.9,3.78,42.11,1.59,57.89,0.29
November,olmio,584.0,23.0,4.0,139.8,3.94,17.39,0.68,82.61,0.24
November,milavitsa,2209.0,26.0,3.0,126.71,1.18,11.54,0.14,88.46,0.06
November,resanta,778.0,21.0,3.0,126.57,2.7,14.29,0.39,85.71,0.16
November,stayer,776.0,23.0,3.0,125.83,2.96,13.04,0.39,86.96,0.16
November,vinzer,783.0,18.0,2.0,122.48,2.3,11.11,0.26,88.89,0.16
November,columbia,519.0,3.0,1.0,118.38,0.58,33.33,0.19,66.67,0.23
November,d-link,533.0,11.0,4.0,111.13,2.06,36.36,0.75,63.64,0.21
November,nutrilon,592.0,30.0,9.0,109.89,5.07,30.0,1.52,70.0,0.19
November,verloni,502.0,6.0,4.0,109.28,1.2,66.67,0.8,33.33,0.22
November,maxvi,1130.0,35.0,8.0,106.05,3.1,22.86,0.71,77.14,0.09
November,tristar,578.0,9.0,3.0,101.22,1.56,33.33,0.52,66.67,0.18
November,tramontina,1616.0,33.0,5.0,100.18,2.04,15.15,0.31,84.85,0.06
November,carters,549.0,5.0,3.0,98.97,0.91,60.0,0.55,40.0,0.18
November,gosh,552.0,26.0,7.0,93.95,4.71,26.92,1.27,73.08,0.17
November,brateck,568.0,33.0,4.0,93.4,5.81,12.12,0.7,87.88,0.16
November,dobrusskijfarforovyjzavod,1160.0,4.0,1.0,91.47,0.34,25.0,0.09,75.0,0.08
November,alvitek,559.0,20.0,6.0,88.79,3.58,30.0,1.07,70.0,0.16
November,tarkett,1840.0,105.0,12.0,86.34,5.71,11.43,0.65,88.57,0.05
November,delux,1070.0,43.0,7.0,81.51,4.02,16.28,0.65,83.72,0.08
November,shell,899.0,43.0,4.0,81.33,4.78,9.3,0.44,90.7,0.09
November,parkmaster,716.0,15.0,1.0,81.08,2.09,6.67,0.14,93.33,0.11
November,toro,577.0,21.0,5.0,80.86,3.64,23.81,0.87,76.19,0.14
November,apollo,560.0,20.0,4.0,80.49,3.57,20.0,0.71,80.0,0.14
November,annaanna,994.0,10.0,3.0,79.27,1.01,30.0,0.3,70.0,0.08
November,kapika,870.0,16.0,1.0,72.05,1.84,6.25,0.11,93.75,0.08
November,barbie,684.0,7.0,3.0,66.69,1.02,42.86,0.44,57.14,0.1
November,a-case,869.0,20.0,9.0,64.89,2.3,45.0,1.04,55.0,0.07
November,hayali,553.0,2.0,1.0,64.35,0.36,50.0,0.18,50.0,0.12
November,dermacol,503.0,23.0,6.0,63.86,4.57,26.09,1.19,73.91,0.13
November,disney,648.0,20.0,2.0,63.41,3.09,10.0,0.31,90.0,0.1
November,wallberry,599.0,22.0,5.0,59.97,3.67,22.73,0.83,77.27,0.1
November,teosa,806.0,16.0,1.0,53.8,1.99,6.25,0.12,93.75,0.07
November,welly,3193.0,72.0,5.0,53.63,2.25,6.94,0.16,93.06,0.02
November,asics,1336.0,11.0,1.0,51.48,0.82,9.09,0.07,90.91,0.04
November,fabretti,818.0,10.0,3.0,48.13,1.22,30.0,0.37,70.0,0.06
November,muqajankz,561.0,9.0,2.0,46.33,1.6,22.22,0.36,77.78,0.08
November,crockid,770.0,15.0,6.0,44.79,1.95,40.0,0.78,60.0,0.06
November,deppa,636.0,10.0,5.0,37.96,1.57,50.0,0.79,50.0,0.06
November,pasabahce,593.0,17.0,7.0,35.87,2.87,41.18,1.18,58.82,0.06
November,visavis,554.0,10.0,3.0,30.7,1.81,30.0,0.54,70.0,0.06
November,aquamarine,646.0,12.0,3.0,30.63,1.86,25.0,0.46,75.0,0.05
November,kronospan,603.0,29.0,2.0,30.32,4.81,6.9,0.33,93.1,0.05
November,dion,624.0,6.0,1.0,29.6,0.96,16.67,0.16,83.33,0.05
November,powerplant,613.0,26.0,6.0,22.09,4.24,23.08,0.98,76.92,0.04
November,goodloot,692.0,6.0,2.0,17.46,0.87,33.33,0.29,66.67,0.03
November,elysium,511.0,9.0,2.0,16.22,1.76,22.22,0.39,77.78,0.03
November,ski-doo,1032.0,5.0,0.0,0.0,0.48,0.0,0.0,100.0,0.0
November,hitachi,525.0,5.0,0.0,0.0,0.95,0.0,0.0,100.0,0.0
November,prologic,612.0,10.0,0.0,0.0,1.63,0.0,0.0,100.0,0.0
November,febest,607.0,10.0,0.0,0.0,1.65,0.0,0.0,100.0,0.0
November,noppies,805.0,2.0,0.0,0.0,0.25,0.0,0.0,100.0,0.0
November,pablosky,720.0,5.0,0.0,0.0,0.69,0.0,0.0,100.0,0.0
November,startul,593.0,8.0,0.0,0.0,1.35,0.0,0.0,100.0,0.0
November,roncato,697.0,7.0,0.0,0.0,1.0,0.0,0.0,100.0,0.0
November,crucial,574.0,18.0,0.0,0.0,3.14,0.0,0.0,100.0,0.0
November,fancy,739.0,13.0,0.0,0.0,1.76,0.0,0.0,100.0,0.0
November,appollo,924.0,20.0,0.0,0.0,2.16,0.0,0.0,100.0,0.0
November,fubag,753.0,14.0,0.0,0.0,1.86,0.0,0.0,100.0,0.0
November,gaissina,587.0,0.0,0.0,0.0,0.0,0.0,0.0,0.0,0.0
November,otan,505.0,0.0,0.0,0.0,0.0,0.0,0.0,0.0,0.0
November,gulliver,811.0,11.0,0.0,0.0,1.36,0.0,0.0,100.0,0.0
November,can-am,1015.0,9.0,0.0,0.0,0.89,0.0,0.0,100.0,0.0
November,simba,1016.0,18.0,0.0,0.0,1.77,0.0,0.0,100.0,0.0
November,longines,598.0,8.0,0.0,0.0,1.34,0.0,0.0,100.0,0.0
October,apple,361804.0,22487.0,16187.0,13002157.0,6.22,71.98,4.47,28.02,35.94
October,samsung,449697.0,31876.0,20036.0,5493690.0,7.09,62.86,4.46,37.14,12.22
October,xiaomi,260852.0,11104.0,6518.0,1085404.0,4.26,58.7,2.5,41.3,4.16
October,huawei,98789.0,4592.0,2782.0,591994.94,4.65,60.58,2.82,39.42,5.99
October,acer,38136.0,1066.0,778.0,414248.28,2.8,72.98,2.04,27.02,10.86
October,lg,50613.0,1541.0,1061.0,411276.88,3.04,68.85,2.1,31.15,8.13
October,oppo,43549.0,2204.0,1313.0,294119.28,5.06,59.57,3.01,40.43,6.75
October,sony,42178.0,1062.0,746.0,291001.03,2.52,70.24,1.77,29.76,6.9
October,bosch,49982.0,821.0,683.0,154503.2,1.64,83.19,1.37,16.81,3.09
October,indesit,25659.0,726.0,593.0,152207.73,2.83,81.68,2.31,18.32,5.93
October,beko,21025.0,587.0,457.0,112513.92,2.79,77.85,2.17,22.15,5.35
October,asus,20057.0,249.0,215.0,110808.7,1.24,86.35,1.07,13.65,5.52
October,haier,17332.0,660.0,349.0,99233.63,3.81,52.88,2.01,47.12,5.73
October,philips,26723.0,721.0,534.0,58762.51,2.7,74.06,2.0,25.94,2.2
October,vivo,10446.0,308.0,223.0,55659.91,2.95,72.4,2.13,27.6,5.33
October,canon,6838.0,133.0,111.0,53391.67,1.95,83.46,1.62,16.54,7.81
October,janome,8642.0,178.0,156.0,39119.12,2.06,87.64,1.81,12.36,4.53
October,tefal,18498.0,484.0,365.0,37337.56,2.62,75.41,1.97,24.59,2.02
October,epson,5358.0,209.0,150.0,33937.29,3.9,71.77,2.8,28.23,6.33
October,starline,11361.0,386.0,240.0,33353.05,3.4,62.18,2.11,37.82,2.94
October,redmond,24874.0,654.0,481.0,33071.66,2.63,73.55,1.93,26.45,1.33
October,elenberg,24498.0,948.0,723.0,29269.79,3.87,76.27,2.95,23.73,1.19
October,atlant,7728.0,108.0,103.0,27751.19,1.4,95.37,1.33,4.63,3.59
October,hubert,2122.0,66.0,47.0,25011.91,3.11,71.21,2.21,28.79,11.79
October,hansa,8307.0,99.0,94.0,24749.57,1.19,94.95,1.13,5.05,2.98
October,karcher,9845.0,194.0,100.0,24702.81,1.97,51.55,1.02,48.45,2.51
October,tcl,3924.0,74.0,74.0,21836.06,1.89,100.0,1.89,0.0,5.56
October,ariston,6007.0,250.0,171.0,20589.7,4.16,68.4,2.85,31.6,3.43
October,vitek,22699.0,531.0,469.0,19659.03,2.34,88.32,2.07,11.68,0.87
October,huter,7500.0,320.0,152.0,19624.94,4.27,47.5,2.03,52.5,2.62
October,delonghi,4178.0,63.0,50.0,19417.4,1.51,79.37,1.2,20.63,4.65
October,thomas,3118.0,70.0,55.0,18683.23,2.25,78.57,1.76,21.43,5.99
October,jbl,13055.0,364.0,280.0,18580.69,2.79,76.92,2.14,23.08,1.42
October,honor,8778.0,111.0,69.0,18065.94,1.26,62.16,0.79,37.84,2.06
October,nokia,16053.0,424.0,256.0,18059.72,2.64,60.38,1.59,39.62,1.13
October,garmin,6634.0,37.0,29.0,16586.3,0.56,78.38,0.44,21.62,2.5
October,nikon,2434.0,40.0,32.0,15494.99,1.64,80.0,1.31,20.0,6.37
October,braun,9387.0,198.0,175.0,15144.52,2.11,88.38,1.86,11.62,1.61
October,electrolux,6854.0,125.0,92.0,14906.55,1.82,73.6,1.34,26.4,2.17
October,arg,4041.0,213.0,117.0,14364.41,5.27,54.93,2.9,45.07,3.55
October,michelin,5384.0,134.0,120.0,14200.39,2.49,89.55,2.23,10.45,2.64
October,polaris,18980.0,322.0,304.0,12499.18,1.7,94.41,1.6,5.59,0.66
October,panasonic,9015.0,252.0,136.0,12253.18,2.8,53.97,1.51,46.03,1.36
October,rowenta,8102.0,297.0,237.0,12222.46,3.67,79.8,2.93,20.2,1.51
October,rinnai,791.0,14.0,13.0,11850.91,1.77,92.86,1.64,7.14,14.98
October,matador,7304.0,369.0,209.0,11725.08,5.05,56.64,2.86,43.36,1.61
October,candy,3026.0,59.0,40.0,11579.92,1.95,67.8,1.32,32.2,3.83
October,sho-me,4628.0,104.0,74.0,10474.52,2.25,71.15,1.6,28.85,2.26
October,omron,4958.0,180.0,165.0,10339.99,3.63,91.67,3.33,8.33,2.09
October,neoline,5130.0,117.0,61.0,9640.96,2.28,52.14,1.19,47.86,1.88
October,hisense,711.0,25.0,15.0,9133.74,3.52,60.0,2.11,40.0,12.85
October,prestigio,5496.0,148.0,129.0,8309.68,2.69,87.16,2.35,12.84,1.51
October,dyson,1822.0,25.0,17.0,8246.61,1.37,68.0,0.93,32.0,4.53
October,microsoft,2236.0,36.0,26.0,7799.6,1.61,72.22,1.16,27.78,3.49
October,elari,5953.0,178.0,126.0,7433.89,2.99,70.79,2.12,29.21,1.25
October,zeta,6769.0,173.0,106.0,7400.38,2.56,61.27,1.57,38.73,1.09
October,moulinex,4333.0,79.0,65.0,7036.31,1.82,82.28,1.5,17.72,1.62
October,tp-link,5091.0,122.0,101.0,6830.95,2.4,82.79,1.98,17.21,1.34
October,gopro,1185.0,34.0,16.0,6328.62,2.87,47.06,1.35,52.94,5.34
October,pocketbook,1807.0,40.0,34.0,6244.0,2.21,85.0,1.88,15.0,3.46
October,kingston,5742.0,173.0,163.0,6074.42,3.01,94.22,2.84,5.78,1.06
October,ea,1420.0,225.0,82.0,6020.69,15.85,36.44,5.77,63.56,4.24
October,phoenix,2644.0,63.0,32.0,5950.07,2.38,50.79,1.21,49.21,2.25
October,changhong,1661.0,29.0,27.0,5732.67,1.75,93.1,1.63,6.9,3.45
October,huion,588.0,14.0,11.0,4865.91,2.38,78.57,1.87,21.43,8.28
October,incanto,2409.0,37.0,26.0,4195.03,1.54,70.27,1.08,29.73,1.74
October,transcend,3491.0,142.0,104.0,4077.71,4.07,73.24,2.98,26.76,1.17
October,chayka,1751.0,55.0,40.0,3840.29,3.14,72.73,2.28,27.27,2.19
October,dxracer,1427.0,18.0,13.0,3712.95,1.26,72.22,0.91,27.78,2.6
October,oasis,4373.0,113.0,93.0,3471.62,2.58,82.3,2.13,17.7,0.79
October,bernina,786.0,9.0,6.0,3234.02,1.15,66.67,0.76,33.33,4.11
October,remington,3070.0,102.0,61.0,3029.35,3.32,59.8,1.99,40.2,0.99
October,cortland,1438.0,62.0,29.0,2792.34,4.31,46.77,2.02,53.23,1.94
October,babyliss,2789.0,55.0,41.0,2773.6,1.97,74.55,1.47,25.45,0.99
October,rondell,5850.0,97.0,59.0,2717.62,1.66,60.82,1.01,39.18,0.46
October,maxwell,5538.0,88.0,75.0,2717.5,1.59,85.23,1.35,14.77,0.49
October,microlab,2432.0,46.0,44.0,2716.02,1.89,95.65,1.81,4.35,1.12
October,thermex,1288.0,32.0,23.0,2612.33,2.48,71.88,1.79,28.13,2.03
October,eurolux,1768.0,62.0,31.0,2536.22,3.51,50.0,1.75,50.0,1.43
October,hyperx,1900.0,48.0,31.0,2430.92,2.53,64.58,1.63,35.42,1.28
October,teploross,590.0,8.0,8.0,2378.44,1.36,100.0,1.36,0.0,4.03
October,bq,5457.0,47.0,46.0,2247.2,0.86,97.87,0.84,2.13,0.41
October,blaupunkt,689.0,31.0,10.0,2246.91,4.5,32.26,1.45,67.74,3.26
October,horizont,1820.0,19.0,17.0,2232.9,1.04,89.47,0.93,10.53,1.23
October,aoc,602.0,13.0,7.0,2169.44,2.16,53.85,1.16,46.15,3.6
October,radaway,579.0,7.0,3.0,2010.78,1.21,42.86,0.52,57.14,3.47
October,darina,1247.0,23.0,13.0,1968.2,1.84,56.52,1.04,43.48,1.58
October,flama,1775.0,17.0,14.0,1887.0,0.96,82.35,0.79,17.65,1.06
October,plantronics,1534.0,56.0,33.0,1804.27,3.65,58.93,2.15,41.07,1.18
October,bfgoodrich,1613.0,20.0,13.0,1717.53,1.24,65.0,0.81,35.0,1.06
October,perilla,1881.0,97.0,55.0,1659.61,5.16,56.7,2.92,43.3,0.88
October,whirlpool,741.0,2.0,2.0,1565.24,0.27,100.0,0.27,0.0,2.11
October,playme,1096.0,11.0,10.0,1498.37,1.0,90.91,0.91,9.09,1.37
October,brother,1151.0,22.0,14.0,1405.75,1.91,63.64,1.22,36.36,1.22
October,beats,603.0,7.0,5.0,1392.44,1.16,71.43,0.83,28.57,2.31
October,zte,1109.0,18.0,16.0,1242.93,1.62,88.89,1.44,11.11,1.12
October,logitech,1496.0,36.0,25.0,1242.92,2.41,69.44,1.67,30.56,0.83
October,navitel,1552.0,24.0,11.0,1127.68,1.55,45.83,0.71,54.17,0.73
October,canyon,3082.0,61.0,29.0,1122.94,1.98,47.54,0.94,52.46,0.36
October,total,2184.0,52.0,31.0,1074.25,2.38,59.62,1.42,40.38,0.49
October,pozis,1132.0,10.0,4.0,1048.63,0.88,40.0,0.35,60.0,0.93
October,cenmax,1007.0,20.0,13.0,907.57,1.99,65.0,1.29,35.0,0.9
October,inoi,2076.0,36.0,20.0,870.56,1.73,55.56,0.96,44.44,0.42
October,thule,1295.0,14.0,3.0,862.07,1.08,21.43,0.23,78.57,0.67
October,rant,882.0,16.0,14.0,846.48,1.81,87.5,1.59,12.5,0.96
October,aqua,1442.0,39.0,23.0,819.65,2.7,58.97,1.6,41.03,0.57
October,selby,846.0,26.0,19.0,789.74,3.07,73.08,2.25,26.92,0.93
October,turbo,992.0,18.0,12.0,743.61,1.81,66.67,1.21,33.33,0.75
October,sjcam,586.0,7.0,3.0,657.41,1.19,42.86,0.51,57.14,1.12
October,turboair,870.0,21.0,13.0,596.53,2.41,61.9,1.49,38.1,0.69
October,mart,1492.0,19.0,8.0,570.52,1.27,42.11,0.54,57.89,0.38
October,jet,1129.0,28.0,17.0,550.46,2.48,60.71,1.51,39.29,0.49
October,svc,748.0,10.0,10.0,497.54,1.34,100.0,1.34,0.0,0.67
October,edufun,853.0,15.0,5.0,488.95,1.76,33.33,0.59,66.67,0.57
October,hoco,1547.0,35.0,26.0,469.73,2.26,74.29,1.68,25.71,0.3
October,rastar,1444.0,30.0,13.0,451.81,2.08,43.33,0.9,56.67,0.31
October,berghoff,1709.0,20.0,5.0,397.42,1.17,25.0,0.29,75.0,0.23
October,remax,810.0,17.0,14.0,341.56,2.1,82.35,1.73,17.65,0.42
October,caramelia,1530.0,16.0,10.0,328.2,1.05,62.5,0.65,37.5,0.21
October,barbie,588.0,5.0,4.0,249.84,0.85,80.0,0.68,20.0,0.42
October,delux,1047.0,19.0,17.0,211.78,1.81,89.47,1.62,10.53,0.2
October,tristar,852.0,6.0,6.0,208.33,0.7,100.0,0.7,0.0,0.24
October,jinga,1086.0,30.0,12.0,203.34,2.76,40.0,1.1,60.0,0.19
October,hitachi,572.0,3.0,1.0,191.1,0.52,33.33,0.17,66.67,0.33
October,awei,703.0,14.0,11.0,189.92,1.99,78.57,1.56,21.43,0.27
October,toro,769.0,14.0,9.0,106.82,1.82,64.29,1.17,35.71,0.14
October,ryobi,740.0,1.0,1.0,93.93,0.14,100.0,0.14,0.0,0.13
October,clatronic,1015.0,6.0,2.0,73.33,0.59,33.33,0.2,66.67,0.07
October,mattel,535.0,4.0,2.0,53.62,0.75,50.0,0.37,50.0,0.1
October,apollo,604.0,18.0,7.0,49.71,2.98,38.89,1.16,61.11,0.08
October,pasabahce,656.0,8.0,8.0,43.02,1.22,100.0,1.22,0.0,0.07
October,wera,739.0,0.0,0.0,0.0,0.0,0.0,0.0,0.0,0.0
October,persona,1047.0,0.0,0.0,0.0,0.0,0.0,0.0,0.0,0.0
October,grohe,501.0,0.0,0.0,0.0,0.0,0.0,0.0,0.0,0.0
October,alpina,568.0,0.0,0.0,0.0,0.0,0.0,0.0,0.0,0.0
October,metabo,1110.0,0.0,0.0,0.0,0.0,0.0,0.0,0.0,0.0
October,mltl,983.0,0.0,0.0,0.0,0.0,0.0,0.0,0.0,0.0
October,dometic,793.0,0.0,0.0,0.0,0.0,0.0,0.0,0.0,0.0
October,weekend,1191.0,0.0,0.0,0.0,0.0,0.0,0.0,0.0,0.0
October,rado,525.0,0.0,0.0,0.0,0.0,0.0,0.0,0.0,0.0
October,caprice,794.0,0.0,0.0,0.0,0.0,0.0,0.0,0.0,0.0
