month,user_id,segment,total_sessions,total_events,total_purchases,total_spend,spend_per_session,purchases_per_session
October,519267944,loyal,57,78,22,32081.39,562.83,0.39
October,515384420,loyal,32,55,16,27525.53,860.17,0.5
October,513117637,loyal,53,87,18,22422.14,423.06,0.34
October,512386086,loyal,68,108,38,19447.73,286.0,0.56
October,530834332,loyal,43,84,17,18719.26,435.33,0.4
October,553431815,loyal,18,32,17,17206.79,955.93,0.94
October,513784794,loyal,17,32,15,15885.25,934.43,0.88
October,512511358,loyal,20,49,19,15730.97,786.55,0.95
October,519250600,loyal,28,49,10,15062.45,537.94,0.36
October,543029225,loyal,23,33,9,15024.03,653.22,0.39
October,532499743,loyal,15,33,10,14915.56,994.37,0.67
November,518514099,loyal,28,71,14,14848.03,530.29,0.5
October,513492934,loyal,15,17,8,14730.23,982.02,0.53
October,514320330,loyal,36,46,11,13856.81,384.91,0.31
October,548318522,loyal,21,35,13,13688.52,651.83,0.62
November,534545940,loyal,20,26,12,13665.73,683.29,0.6
October,562935379,loyal,21,34,13,13065.72,622.18,0.62
November,564068124,loyal,63,136,42,12978.4,206.01,0.67
October,559469054,loyal,33,44,10,12926.94,391.73,0.3
November,512386086,loyal,83,104,18,11798.96,142.16,0.22
October,513320236,loyal,49,122,29,11331.93,231.26,0.59
October,558009071,loyal,17,23,7,11060.16,650.6,0.41
November,521230795,loyal,41,51,12,10977.05,267.73,0.29
October,547330965,loyal,62,80,16,10900.08,175.81,0.26
November,549109608,loyal,49,71,20,10733.17,219.04,0.41
October,512600500,loyal,17,20,8,10437.97,614.0,0.47
October,558021007,loyal,39,55,14,10051.34,257.73,0.36
November,515384420,loyal,18,23,7,10027.79,557.1,0.39
October,513044965,loyal,19,22,7,9923.78,522.3,0.37
October,545308546,loyal,13,16,5,9807.36,754.41,0.38
October,542885422,loyal,7,20,6,9714.54,1387.79,0.86
October,549109608,loyal,43,75,20,9636.21,224.1,0.47
October,542561762,loyal,9,13,6,9619.58,1068.84,0.67
October,561233973,loyal,23,34,10,9210.89,400.47,0.43
October,523974502,loyal,39,112,31,9176.01,235.28,0.79
October,538216048,loyal,36,59,8,8909.3,247.48,0.22
October,513906722,loyal,35,45,12,8898.02,254.23,0.34
October,545563258,loyal,9,32,7,8857.04,984.12,0.78
October,538251250,loyal,14,28,6,8855.15,632.51,0.43
October,551361102,loyal,60,104,18,8801.38,146.69,0.3
October,514950756,loyal,25,30,5,8721.52,348.86,0.2
October,513136589,loyal,19,21,5,8718.35,458.86,0.26
October,518544223,loyal,6,10,5,8712.46,1452.08,0.83
October,520264548,loyal,21,31,9,8573.77,408.27,0.43
November,516462129,loyal,14,18,6,8458.48,604.18,0.43
November,564769842,loyal,26,49,11,8437.43,324.52,0.42
October,534545940,loyal,32,52,9,8426.42,263.33,0.28
November,570965763,loyal,10,20,9,8420.29,842.03,0.9
October,555394812,loyal,27,39,9,8393.15,310.86,0.33
October,544265841,loyal,27,41,8,8381.26,310.42,0.3
October,553324161,loyal,14,24,7,8329.02,594.93,0.5
October,546881736,loyal,39,98,11,8270.04,212.05,0.28
November,544711652,loyal,18,42,8,8268.51,459.36,0.44
October,514254247,loyal,11,25,8,8233.05,748.46,0.73
October,560647844,loyal,31,45,10,8176.78,263.77,0.32
October,539620874,loyal,20,30,9,8051.97,402.6,0.45
October,541520357,loyal,36,47,5,7940.99,220.58,0.14
November,547227816,loyal,18,25,5,7926.36,440.35,0.28
November,514070786,loyal,12,22,5,7926.3,660.53,0.42
November,516010934,loyal,16,22,8,7818.02,488.63,0.5
October,557028438,loyal,21,27,6,7712.05,367.24,0.29
October,512409624,loyal,27,31,11,7618.69,282.17,0.41
October,540135730,loyal,13,28,9,7555.95,581.23,0.69
October,547399783,loyal,24,49,8,7548.56,314.52,0.33
October,514948230,loyal,14,21,6,7543.96,538.85,0.43
October,520094527,loyal,13,16,6,7499.81,576.91,0.46
October,513941239,loyal,32,63,8,7494.6,234.21,0.25
October,513013149,loyal,23,35,13,7491.64,325.72,0.57
November,515424336,loyal,8,12,3,7489.71,936.21,0.38
November,544433442,loyal,10,11,5,7444.87,744.49,0.5
October,523796737,loyal,19,30,6,7433.13,391.22,0.32
November,513677580,loyal,13,15,6,7421.17,570.86,0.46
October,513900355,loyal,64,154,10,7393.38,115.52,0.16
November,541385001,loyal,17,30,7,7268.66,427.57,0.41
November,569333570,loyal,33,52,7,7268.04,220.24,0.21
November,534790953,loyal,27,49,16,7256.55,268.76,0.59
October,518849739,loyal,11,12,7,7243.68,658.52,0.64
November,512842822,loyal,16,22,6,7217.01,451.06,0.38
October,513536780,loyal,8,10,5,7178.76,897.35,0.63
November,515629946,loyal,47,55,7,7090.73,150.87,0.15
October,514726585,loyal,28,36,8,7090.63,253.24,0.29
October,512998603,returning,2,9,5,7070.44,3535.22,2.5
October,545778359,loyal,9,11,6,7059.41,784.38,0.67
October,512760758,loyal,21,69,6,7025.35,334.54,0.29
October,564195480,loyal,16,20,7,6991.23,436.95,0.44
October,526532436,loyal,21,24,8,6973.63,332.08,0.38
October,513717990,loyal,17,22,8,6947.92,408.7,0.47
October,513209107,loyal,19,27,6,6913.11,363.85,0.32
October,547830696,loyal,25,57,10,6870.57,274.82,0.4
October,558724020,loyal,18,29,6,6868.52,381.58,0.33
October,549733171,loyal,20,27,8,6866.6,343.33,0.4
October,512786896,loyal,28,39,5,6862.9,245.1,0.18
October,515715331,loyal,20,44,5,6838.96,341.95,0.25
October,523988746,loyal,8,11,5,6741.65,842.71,0.63
October,534856520,loyal,20,28,7,6722.15,336.11,0.35
October,537404834,loyal,17,36,6,6663.24,391.96,0.35
October,542175644,loyal,10,28,6,6657.2,665.72,0.6
October,518619273,loyal,12,21,6,6655.99,554.67,0.5
October,545925192,loyal,97,148,7,6651.9,68.58,0.07
October,512987188,loyal,20,25,4,6627.81,331.39,0.2
October,563021459,loyal,10,15,6,6432.79,643.28,0.6
October,557254614,loyal,37,53,11,6424.43,173.63,0.3
October,561662104,loyal,6,9,5,6395.97,1066.0,0.83
October,562612052,loyal,9,13,5,6369.46,707.72,0.56
October,515575930,loyal,6,12,4,6353.32,1058.89,0.67
October,555925841,loyal,14,21,5,6336.1,452.58,0.36
October,527388238,loyal,16,26,6,6302.06,393.88,0.38
October,562398323,loyal,13,18,6,6260.98,481.61,0.46
October,552987483,loyal,21,33,6,6252.24,297.73,0.29
October,550524745,loyal,6,9,5,6249.2,1041.53,0.83
October,515650586,loyal,37,74,7,6229.19,168.36,0.19
November,512569089,loyal,9,13,4,6216.58,690.73,0.44
October,536328930,loyal,14,18,6,6213.07,443.79,0.43
October,513271269,loyal,9,13,4,6195.37,688.37,0.44
October,515014899,loyal,30,39,9,6133.28,204.44,0.3
October,513298115,loyal,18,33,7,6124.86,340.27,0.39
October,554868733,loyal,9,12,5,6111.07,679.01,0.56
November,518853457,loyal,11,25,9,6097.37,554.31,0.82
October,555899899,loyal,10,11,4,6073.76,607.38,0.4
October,553305962,loyal,10,14,6,6043.59,604.36,0.6
October,516675926,loyal,16,21,4,6039.99,377.5,0.25
October,550040795,loyal,14,47,11,6031.29,430.81,0.79
November,512699299,loyal,21,26,10,6030.61,287.17,0.48
October,541551544,loyal,14,23,6,5994.06,428.15,0.43
November,558317034,loyal,26,39,6,5929.47,228.06,0.23
November,551321936,loyal,11,23,6,5927.36,538.85,0.55
November,513230794,loyal,18,67,12,5927.17,329.29,0.67
October,513045789,loyal,23,33,11,5890.0,256.09,0.48
November,542320322,loyal,25,47,12,5889.03,235.56,0.48
October,514630154,loyal,6,8,5,5871.08,978.51,0.83
October,517337309,returning,4,5,3,5861.15,1465.29,0.75
November,512980976,loyal,23,36,5,5846.92,254.21,0.22
October,518839713,loyal,8,11,4,5797.5,724.69,0.5
October,545889144,loyal,15,19,7,5797.37,386.49,0.47
November,568065058,loyal,6,8,5,5778.79,963.13,0.83
October,556466206,loyal,17,37,5,5751.37,338.32,0.29
October,554347151,loyal,32,35,8,5749.89,179.68,0.25
November,551140089,loyal,32,50,10,5738.43,179.33,0.31
October,562119164,loyal,24,32,10,5733.53,238.9,0.42
October,552102214,loyal,11,15,6,5714.7,519.52,0.55
October,558422256,loyal,18,21,4,5710.59,317.26,0.22
October,561265325,loyal,9,20,5,5662.88,629.21,0.56
November,512452103,loyal,16,19,4,5659.92,353.75,0.25
October,513605139,loyal,21,41,11,5654.1,269.24,0.52
October,548256638,loyal,8,24,6,5640.86,705.11,0.75
October,518865091,loyal,13,15,4,5624.64,432.66,0.31
November,552482446,loyal,11,23,8,5621.64,511.06,0.73
November,512372673,loyal,32,41,4,5608.02,175.25,0.13
October,520740183,loyal,13,19,4,5604.27,431.1,0.31
October,543184829,loyal,7,18,6,5588.3,798.33,0.86
October,515058599,loyal,11,15,3,5584.95,507.72,0.27
October,532275774,loyal,18,18,4,5554.13,308.56,0.22
October,513791027,loyal,7,8,4,5510.39,787.2,0.57
October,534268605,loyal,12,21,4,5468.77,455.73,0.33
October,547972966,loyal,10,12,4,5466.21,546.62,0.4
October,516010934,loyal,21,25,7,5464.48,260.21,0.33
October,527075623,loyal,12,19,6,5460.82,455.07,0.5
October,512707659,loyal,37,80,6,5450.94,147.32,0.16
October,555160976,loyal,45,85,6,5444.89,121.0,0.13
October,541496006,loyal,20,27,6,5438.31,271.92,0.3
October,562730135,returning,5,14,5,5424.71,1084.94,1.0
November,545563258,returning,3,6,4,5393.22,1797.74,1.33
October,512980976,loyal,11,16,5,5368.34,488.03,0.45
November,514006144,loyal,6,7,4,5357.19,892.86,0.67
October,519149809,loyal,12,14,5,5355.94,446.33,0.42
October,553662537,loyal,12,17,7,5352.81,446.07,0.58
November,547080420,loyal,33,45,6,5344.74,161.96,0.18
October,549554977,loyal,15,24,4,5343.0,356.2,0.27
October,512836766,loyal,27,38,9,5340.54,197.8,0.33
October,518714775,loyal,24,42,5,5314.92,221.46,0.21
October,517728689,loyal,58,153,27,5313.01,91.6,0.47
October,518957516,loyal,26,51,13,5284.75,203.26,0.5
October,513229632,loyal,28,33,8,5257.72,187.78,0.29
October,550688539,loyal,7,12,3,5239.5,748.5,0.43
October,518792278,loyal,7,11,4,5235.77,747.97,0.57
October,512524843,loyal,38,69,7,5232.39,137.69,0.18
October,514036494,loyal,11,16,3,5223.78,474.89,0.27
October,525987546,loyal,13,14,3,5217.77,401.37,0.23
October,526929354,loyal,33,48,10,5211.0,157.91,0.3
October,537377938,loyal,7,14,4,5187.4,741.06,0.57
October,560369144,loyal,16,20,8,5175.61,323.48,0.5
October,513944852,loyal,20,26,7,5163.32,258.17,0.35
October,559735700,returning,3,4,3,5160.7,1720.23,1.0
October,524869217,loyal,7,16,3,5152.62,736.09,0.43
October,513677580,loyal,18,23,4,5135.44,285.3,0.22
October,524744625,loyal,8,12,4,5127.12,640.89,0.5
November,568613904,returning,2,4,2,5124.98,2562.49,1.0
October,551807786,loyal,10,29,10,5112.39,511.24,1.0
November,561174161,loyal,43,102,14,5108.0,118.79,0.33
November,545743740,loyal,25,39,6,5102.02,204.08,0.24
October,514399464,loyal,33,54,3,5096.58,154.44,0.09
November,513201462,loyal,11,16,2,5096.14,463.29,0.18
November,571300149,loyal,20,29,8,5066.28,253.31,0.4
October,520064563,loyal,8,13,4,5061.63,632.7,0.5
October,514569111,loyal,13,22,6,5046.53,388.19,0.46
October,545590198,loyal,6,13,5,5043.05,840.51,0.83
October,538473314,loyal,74,128,13,5021.49,67.86,0.18
October,515819233,loyal,6,8,2,5018.92,836.49,0.33
October,562319238,loyal,10,14,5,4999.33,499.93,0.5
October,512418667,loyal,47,84,8,4989.67,106.16,0.17
November,532411578,loyal,12,12,3,4988.0,415.67,0.25
October,561204491,loyal,13,20,5,4977.69,382.9,0.38
October,540527538,loyal,10,13,3,4969.2,496.92,0.3
October,512571278,loyal,25,52,12,4957.17,198.29,0.48
October,514368344,loyal,25,56,3,4951.02,198.04,0.12
October,518271156,loyal,22,48,4,4950.62,225.03,0.18
November,513283213,loyal,9,9,3,4936.94,548.55,0.33
October,513223953,loyal,13,17,5,4932.45,379.42,0.38
October,515916852,loyal,12,23,6,4920.62,410.05,0.5
October,513654377,loyal,20,23,7,4916.74,245.84,0.35
October,559150660,loyal,16,18,4,4915.53,307.22,0.25
October,551193067,loyal,7,10,3,4909.99,701.43,0.43
October,532077611,loyal,6,11,3,4903.53,817.26,0.5
October,546659261,loyal,15,20,5,4895.92,326.39,0.33
November,549366629,loyal,12,22,6,4894.11,407.84,0.5
October,515787651,loyal,6,9,3,4891.38,815.23,0.5
October,559396643,loyal,13,16,6,4884.21,375.71,0.46
October,532612391,returning,5,11,3,4877.61,975.52,0.6
November,557254614,loyal,21,32,9,4868.72,231.84,0.43
October,513262809,loyal,7,8,4,4867.88,695.41,0.57
November,539985843,returning,3,4,2,4864.99,1621.66,0.67
October,552644046,loyal,18,31,8,4852.98,269.61,0.44
November,515715331,loyal,24,39,3,4849.8,202.08,0.13
October,513322839,loyal,11,58,17,4823.41,438.49,1.55
October,533774988,loyal,19,24,6,4820.91,253.73,0.32
October,561707139,loyal,9,11,6,4817.06,535.23,0.67
October,550893046,returning,2,5,4,4803.04,2401.52,2.0
October,544035544,loyal,27,46,10,4801.9,177.85,0.37
November,516616445,loyal,7,13,5,4798.79,685.54,0.71
November,563907320,loyal,44,73,5,4775.36,108.53,0.11
October,549251938,loyal,8,12,4,4761.4,595.17,0.5
October,533113177,returning,5,7,2,4736.28,947.26,0.4
October,564095433,loyal,12,35,10,4736.15,394.68,0.83
October,526603128,loyal,8,16,7,4728.6,591.08,0.88
November,565754295,loyal,7,10,3,4723.31,674.76,0.43
November,513298115,loyal,37,50,5,4720.28,127.58,0.14
October,515174645,loyal,14,19,3,4711.54,336.54,0.21
November,554842238,loyal,14,15,6,4708.85,336.35,0.43
October,530466080,loyal,14,18,6,4701.28,335.81,0.43
October,512875478,loyal,20,36,8,4688.84,234.44,0.4
October,553635658,loyal,13,15,3,4684.5,360.35,0.23
November,513761346,loyal,19,22,2,4682.24,246.43,0.11
October,547969482,loyal,39,67,6,4672.21,119.8,0.15
October,535704625,returning,5,9,4,4655.12,931.02,0.8
October,555890665,loyal,6,7,3,4654.84,775.81,0.5
November,512602712,loyal,17,18,5,4649.37,273.49,0.29
October,543509628,loyal,11,14,5,4644.85,422.26,0.45
October,513334519,loyal,17,31,4,4643.61,273.15,0.24
October,556342445,loyal,41,67,5,4638.3,113.13,0.12
November,543217791,loyal,22,27,6,4630.79,210.49,0.27
November,550594573,loyal,11,12,3,4628.18,420.74,0.27
November,512599092,loyal,22,26,5,4617.53,209.89,0.23
October,512683227,loyal,17,22,8,4613.51,271.38,0.47
October,514263951,loyal,20,29,6,4610.59,230.53,0.3
October,518498487,returning,4,6,3,4607.58,1151.9,0.75
October,545356842,loyal,18,28,9,4604.58,255.81,0.5
October,526007836,loyal,20,29,5,4580.35,229.02,0.25
October,514468999,loyal,22,24,3,4580.14,208.19,0.14
October,546584174,returning,3,6,3,4578.75,1526.25,1.0
November,538473314,loyal,64,138,14,4577.22,71.52,0.22
October,545554011,loyal,9,14,3,4567.92,507.55,0.33
October,539479985,loyal,19,26,10,4546.91,239.31,0.53
November,515934670,loyal,11,16,4,4529.3,411.75,0.36
November,566216236,loyal,16,25,5,4527.82,282.99,0.31
October,518724481,loyal,14,20,3,4524.51,323.18,0.21
October,531532579,loyal,18,25,5,4521.6,251.2,0.28
November,513223953,loyal,22,31,5,4518.85,205.4,0.23
October,550917318,loyal,11,21,8,4518.54,410.78,0.73
October,513438709,loyal,15,17,6,4505.41,300.36,0.4
October,545427631,loyal,13,14,4,4505.24,346.56,0.31
October,519959738,loyal,7,8,4,4503.85,643.41,0.57
October,513437742,loyal,22,32,5,4503.2,204.69,0.23
October,525488602,loyal,6,10,5,4485.29,747.55,0.83
October,524555769,loyal,33,130,3,4479.78,135.75,0.09
October,513266623,loyal,7,11,3,4478.75,639.82,0.43
November,512839065,loyal,14,19,3,4475.35,319.67,0.21
October,513639720,loyal,7,10,5,4475.02,639.29,0.71
October,561756671,returning,3,11,3,4469.48,1489.83,1.0
October,553353155,loyal,22,28,6,4464.4,202.93,0.27
October,533074223,loyal,37,57,11,4456.95,120.46,0.3
October,522446979,loyal,18,24,6,4455.94,247.55,0.33
October,515440611,loyal,22,26,6,4426.68,201.21,0.27
October,535658024,loyal,51,63,9,4423.54,86.74,0.18
October,543312954,loyal,41,96,25,4407.87,107.51,0.61
October,548483349,loyal,31,57,11,4407.45,142.18,0.35
November,574965042,loyal,8,23,5,4405.96,550.75,0.63
October,513478307,loyal,7,10,4,4404.82,629.26,0.57
November,562819311,loyal,14,28,7,4402.29,314.45,0.5
November,514668243,returning,5,7,3,4390.82,878.16,0.6
October,558768432,loyal,8,17,5,4389.97,548.75,0.63
October,555302298,loyal,37,64,8,4389.6,118.64,0.22
October,512989232,returning,2,5,3,4388.59,2194.3,1.5
October,519322381,loyal,65,88,13,4387.34,67.5,0.2
October,559939767,returning,3,5,4,4387.31,1462.44,1.33
October,549105116,loyal,7,8,3,4382.14,626.02,0.43
November,513509085,returning,5,5,3,4380.15,876.03,0.6
November,512487885,loyal,22,31,7,4377.09,198.96,0.32
November,519023956,returning,3,59,14,4371.9,1457.3,4.67
November,553795371,loyal,18,22,4,4370.07,242.78,0.22
October,538340540,loyal,78,111,18,4366.87,55.99,0.23
October,555372615,loyal,7,14,3,4357.19,622.46,0.43
October,516830503,loyal,14,24,4,4352.18,310.87,0.29
October,512946928,loyal,17,21,4,4351.25,255.96,0.24
November,546953099,loyal,15,33,3,4340.48,289.37,0.2
October,551565435,loyal,19,54,6,4333.54,228.08,0.32
October,518403065,loyal,14,28,3,4328.85,309.2,0.21
November,568809520,loyal,9,17,4,4321.76,480.2,0.44
October,561131651,loyal,14,15,7,4311.22,307.94,0.5
October,521339236,loyal,22,27,6,4309.61,195.89,0.27
October,513718766,returning,5,12,3,4304.22,860.84,0.6
November,570033808,loyal,10,13,3,4295.27,429.53,0.3
October,539642168,loyal,8,12,6,4290.48,536.31,0.75
October,513837759,loyal,8,11,4,4281.55,535.19,0.5
October,552361505,loyal,8,9,3,4259.27,532.41,0.38
October,528188959,loyal,7,7,3,4256.42,608.06,0.43
November,543496767,loyal,8,11,4,4253.05,531.63,0.5
October,517888308,loyal,8,15,3,4249.24,531.16,0.38
October,521951388,loyal,9,14,3,4248.91,472.1,0.33
October,548434805,loyal,15,21,5,4242.67,282.84,0.33
November,515496241,loyal,6,6,3,4242.18,707.03,0.5
November,525987546,loyal,11,12,3,4233.81,384.89,0.27
October,549498138,loyal,7,10,3,4233.61,604.8,0.43
October,513842913,loyal,9,12,3,4228.17,469.8,0.33
October,534913676,loyal,8,10,4,4226.34,528.29,0.5
October,515923556,loyal,8,11,2,4221.32,527.67,0.25
October,527331984,loyal,11,13,5,4218.19,383.47,0.45
October,543112997,loyal,11,17,4,4217.68,383.43,0.36
October,530172097,loyal,7,8,3,4209.7,601.39,0.43
October,516057579,loyal,12,12,6,4208.13,350.68,0.5
October,519404810,returning,5,8,3,4206.47,841.29,0.6
October,514487255,returning,5,6,3,4201.7,840.34,0.6
October,517596460,loyal,9,10,3,4192.18,465.8,0.33
November,535116320,loyal,6,9,3,4191.56,698.59,0.5
October,519072576,loyal,6,6,3,4188.96,698.16,0.5
October,515436065,loyal,15,25,9,4181.45,278.76,0.6
October,514083219,loyal,12,23,3,4178.1,348.17,0.25
November,512527352,loyal,28,48,6,4159.12,148.54,0.21
October,516465920,returning,4,6,3,4157.63,1039.41,0.75
October,551824514,loyal,38,56,8,4152.57,109.28,0.21
November,569959410,loyal,33,47,7,4147.88,125.69,0.21
November,512924342,loyal,25,31,12,4137.29,165.49,0.48
October,522643302,loyal,19,28,7,4135.06,217.63,0.37
October,557309208,loyal,16,23,4,4117.45,257.34,0.25
October,513336499,loyal,7,10,3,4115.36,587.91,0.43
October,558420737,loyal,50,73,15,4114.42,82.29,0.3
October,555284489,loyal,7,9,2,4113.36,587.62,0.29
October,514065515,loyal,8,20,3,4108.53,513.57,0.38
October,534102366,loyal,10,17,8,4106.2,410.62,0.8
October,522016074,loyal,8,9,5,4102.86,512.86,0.63
October,512412385,loyal,16,31,7,4102.14,256.38,0.44
October,513318027,loyal,24,58,5,4099.41,170.81,0.21
October,513845379,loyal,32,61,9,4097.97,128.06,0.28
October,513292741,loyal,19,28,6,4079.31,214.7,0.32
October,512599029,loyal,11,19,6,4077.77,370.71,0.55
October,512875998,loyal,16,48,10,4072.44,254.53,0.63
October,513614047,loyal,12,20,3,4070.47,339.21,0.25
October,529252117,loyal,8,10,5,4062.51,507.81,0.63
November,514537015,loyal,12,14,4,4061.34,338.44,0.33
November,519066729,loyal,9,16,5,4058.23,450.91,0.56
October,513557061,returning,2,3,2,4051.74,2025.87,1.0
October,553452335,loyal,18,26,5,4050.49,225.03,0.28
October,537102552,loyal,15,16,4,4048.74,269.92,0.27
October,537498402,loyal,9,13,5,4048.12,449.79,0.56
November,519214233,loyal,21,27,5,4042.47,192.5,0.24
October,548985588,loyal,19,34,5,4041.44,212.71,0.26
November,548671194,loyal,21,28,6,4035.99,192.19,0.29
October,518709357,loyal,14,22,4,4020.39,287.17,0.29
October,517442574,loyal,26,30,12,4017.9,154.53,0.46
November,576832265,returning,5,9,5,4001.56,800.31,1.0
October,513149920,loyal,17,24,4,3991.41,234.79,0.24
November,535658024,loyal,28,30,8,3981.05,142.18,0.29
October,514074113,loyal,25,30,11,3979.5,159.18,0.44
October,551078701,loyal,40,66,10,3973.98,99.35,0.25
November,513633528,loyal,16,24,2,3970.24,248.14,0.13
November,516907985,loyal,21,25,4,3968.71,188.99,0.19
November,518271837,loyal,11,14,3,3965.73,360.52,0.27
October,519369539,returning,5,9,4,3962.96,792.59,0.8
October,521009984,loyal,28,49,9,3950.74,141.1,0.32
October,519742323,loyal,12,21,6,3931.43,327.62,0.5
October,555197829,returning,5,8,3,3929.62,785.92,0.6
October,551307859,loyal,12,18,5,3928.48,327.37,0.42
October,558370319,loyal,19,47,4,3925.21,206.59,0.21
October,556057657,loyal,27,40,5,3922.83,145.29,0.19
November,522249477,loyal,18,20,5,3921.12,217.84,0.28
November,573903556,returning,5,8,2,3914.38,782.88,0.4
November,558420737,loyal,50,79,12,3913.44,78.27,0.24
October,550251895,returning,3,3,2,3911.5,1303.83,0.67
October,559998826,returning,5,9,3,3904.03,780.81,0.6
October,521830095,returning,4,7,4,3902.24,975.56,1.0
October,529047625,loyal,10,28,6,3900.47,390.05,0.6
October,522461331,loyal,20,53,8,3887.71,194.39,0.4
November,561414438,loyal,17,21,3,3884.54,228.5,0.18
October,551728351,loyal,11,15,4,3881.96,352.91,0.36
October,557611541,loyal,10,14,4,3881.07,388.11,0.4
November,568047770,loyal,30,41,5,3875.67,129.19,0.17
October,533352686,loyal,15,21,8,3874.53,258.3,0.53
November,557058879,returning,4,5,3,3869.18,967.3,0.75
October,512867322,loyal,12,21,5,3868.13,322.34,0.42
October,532195453,loyal,7,8,2,3860.54,551.51,0.29
November,540473284,loyal,7,14,4,3855.05,550.72,0.57
October,518840496,loyal,20,28,6,3839.4,191.97,0.3
November,514640691,loyal,11,14,4,3837.61,348.87,0.36
November,541125919,loyal,7,14,6,3832.03,547.43,0.86
October,548805522,loyal,19,26,5,3828.07,201.48,0.26
October,516001381,loyal,6,9,2,3821.69,636.95,0.33
October,563054735,loyal,21,39,10,3820.15,181.91,0.48
October,521093646,returning,2,2,2,3819.89,1909.95,1.0
October,540791411,returning,5,7,4,3817.16,763.43,0.8
October,516096684,loyal,28,53,11,3810.31,136.08,0.39
October,561162922,loyal,12,15,6,3808.16,317.35,0.5
November,533733172,loyal,21,29,8,3808.15,181.34,0.38
October,513424642,loyal,19,27,3,3799.48,199.97,0.16
October,546483498,loyal,9,14,4,3794.66,421.63,0.44
October,512694342,loyal,7,11,4,3793.78,541.97,0.57
October,513536765,loyal,16,42,10,3785.25,236.58,0.63
October,514415155,loyal,10,13,4,3781.99,378.2,0.4
October,514140124,loyal,18,40,7,3779.6,209.98,0.39
October,545552285,loyal,31,57,6,3779.48,121.92,0.19
October,512810320,loyal,16,27,4,3778.55,236.16,0.25
October,559852631,loyal,16,20,5,3768.36,235.52,0.31
October,560680071,returning,2,5,4,3767.16,1883.58,2.0
November,559696962,loyal,19,21,5,3766.58,198.24,0.26
October,525188359,loyal,9,14,6,3758.0,417.56,0.67
October,535789523,loyal,10,14,4,3753.21,375.32,0.4
October,557945861,loyal,6,13,5,3746.35,624.39,0.83
October,526766534,returning,4,4,3,3744.34,936.08,0.75
October,560109398,loyal,8,8,4,3742.89,467.86,0.5
October,514948520,loyal,42,76,11,3740.67,89.06,0.26
October,516650534,loyal,8,15,5,3733.73,466.72,0.63
October,547168648,loyal,10,16,8,3729.45,372.95,0.8
October,518875191,loyal,27,34,4,3723.59,137.91,0.15
October,541808548,loyal,10,21,6,3706.92,370.69,0.6
October,537619110,loyal,19,33,6,3704.14,194.95,0.32
November,566591589,loyal,8,8,3,3702.54,462.82,0.38
November,513076245,returning,5,6,4,3697.31,739.46,0.8
November,513044965,loyal,9,9,3,3693.68,410.41,0.33
October,513840758,loyal,13,15,5,3691.33,283.95,0.38
October,513057303,loyal,9,14,3,3689.56,409.95,0.33
October,514524655,loyal,7,9,4,3688.87,526.98,0.57
November,515115817,loyal,6,6,2,3688.84,614.81,0.33
October,515657536,loyal,7,15,6,3686.07,526.58,0.86
October,535741256,loyal,15,21,8,3682.52,245.5,0.53
November,569253932,loyal,8,20,4,3681.98,460.25,0.5
November,513280811,loyal,16,22,2,3680.15,230.01,0.13
October,549801353,loyal,38,75,8,3679.71,96.83,0.21
November,572098675,loyal,10,20,3,3677.35,367.73,0.3
October,554156094,returning,5,6,4,3675.29,735.06,0.8
November,543595420,loyal,36,45,17,3673.47,102.04,0.47
October,560140685,loyal,17,24,4,3663.94,215.53,0.24
November,575906825,loyal,6,15,4,3660.27,610.04,0.67
October,515075423,loyal,11,20,4,3654.38,332.22,0.36
November,557581330,loyal,20,24,6,3653.92,182.7,0.3
October,556931606,loyal,11,12,4,3649.55,331.78,0.36
October,522104793,loyal,26,65,4,3644.76,140.18,0.15
November,571759032,loyal,27,33,5,3643.31,134.94,0.19
October,535149145,loyal,6,9,3,3643.04,607.17,0.5
October,520845076,loyal,10,13,3,3637.29,363.73,0.3
November,572856430,loyal,9,10,3,3637.23,404.14,0.33
October,514493468,loyal,8,14,4,3636.98,454.62,0.5
November,517853779,loyal,34,65,12,3634.96,106.91,0.35
October,557513065,loyal,10,14,4,3634.89,363.49,0.4
October,551117579,loyal,33,56,13,3633.21,110.1,0.39
October,512735874,loyal,23,30,8,3629.82,157.82,0.35
November,570483990,loyal,6,10,3,3629.15,604.86,0.5
November,568609635,loyal,18,26,6,3628.39,201.58,0.33
October,512745256,loyal,9,13,3,3628.1,403.12,0.33
October,540927543,loyal,14,51,4,3625.97,259.0,0.29
October,513330476,loyal,14,31,4,3619.94,258.57,0.29
October,538558623,loyal,13,14,3,3616.04,278.16,0.23
November,555394812,loyal,20,21,3,3602.81,180.14,0.15
October,513336765,loyal,15,22,3,3601.84,240.12,0.2
November,554551310,loyal,58,87,16,3587.21,61.85,0.28
November,532499743,loyal,25,33,4,3571.05,142.84,0.16
October,515297798,loyal,7,9,3,3563.35,509.05,0.43
November,512590947,loyal,15,22,3,3559.11,237.27,0.2
October,564580766,loyal,8,18,5,3544.49,443.06,0.63
November,518899902,loyal,8,10,2,3537.8,442.23,0.25
October,515854311,loyal,30,51,11,3534.74,117.82,0.37
October,518463311,loyal,6,8,3,3534.44,589.07,0.5
October,552763030,loyal,12,16,7,3531.07,294.26,0.58
November,565486650,loyal,20,34,5,3528.74,176.44,0.25
October,513357855,loyal,20,38,5,3527.49,176.37,0.25
October,559081030,loyal,14,21,4,3527.06,251.93,0.29
November,566126122,returning,4,5,2,3512.86,878.21,0.5
November,549105116,loyal,7,7,3,3512.42,501.77,0.43
October,513486941,loyal,11,16,3,3510.74,319.16,0.27
October,553067478,loyal,11,14,4,3506.42,318.77,0.36
October,519683021,loyal,17,27,8,3503.97,206.12,0.47
November,517649080,loyal,7,15,4,3503.35,500.48,0.57
November,515791359,loyal,7,10,4,3496.08,499.44,0.57
October,513685973,returning,4,5,2,3495.58,873.9,0.5
October,516385007,loyal,9,16,2,3495.58,388.4,0.22
October,549428613,returning,4,5,2,3495.4,873.85,0.5
October,554611055,returning,3,4,2,3495.4,1165.13,0.67
October,512444935,loyal,8,10,3,3489.9,436.24,0.38
November,513265116,loyal,19,28,7,3487.93,183.58,0.37
October,560088108,returning,3,3,2,3483.33,1161.11,0.67
October,513100660,returning,2,4,2,3482.68,1741.34,1.0
October,536064403,returning,2,2,2,3482.68,1741.34,1.0
October,522760118,loyal,15,20,4,3477.12,231.81,0.27
November,567260019,loyal,26,43,5,3476.78,133.72,0.19
October,552446675,returning,4,5,2,3476.19,869.05,0.5
October,515141601,loyal,6,6,4,3475.75,579.29,0.67
October,513019818,returning,5,6,2,3474.93,694.99,0.4
October,545365247,loyal,8,12,2,3469.58,433.7,0.25
November,515494421,loyal,14,19,3,3467.35,247.67,0.21
October,548481247,loyal,14,25,2,3467.2,247.66,0.14
October,543862005,loyal,21,40,11,3463.61,164.93,0.52
October,550963261,loyal,16,40,6,3461.46,216.34,0.38
October,538493799,loyal,11,16,3,3452.16,313.83,0.27
October,515509155,loyal,6,9,2,3451.68,575.28,0.33
November,514945956,loyal,21,41,11,3448.79,164.23,0.52
October,512561267,loyal,10,13,4,3448.29,344.83,0.4
October,515818232,returning,4,4,2,3447.34,861.83,0.5
October,514778102,loyal,11,13,5,3446.26,313.3,0.45
October,562555589,loyal,16,23,5,3441.02,215.06,0.31
November,554347151,loyal,13,14,4,3438.15,264.47,0.31
October,542399645,loyal,8,8,3,3436.44,429.56,0.38
November,550710776,returning,3,4,3,3436.38,1145.46,1.0
October,517107905,returning,5,6,2,3424.43,684.89,0.4
October,518639262,loyal,8,10,2,3424.41,428.05,0.25
October,512905134,loyal,15,18,3,3422.68,228.18,0.2
October,558665507,returning,3,4,2,3422.11,1140.7,0.67
October,513510457,returning,4,5,2,3419.62,854.91,0.5
October,555281871,returning,5,10,2,3409.4,681.88,0.4
November,556025823,loyal,6,8,3,3404.71,567.45,0.5
November,522618145,returning,3,6,3,3402.35,1134.12,1.0
November,564071761,returning,5,8,3,3400.75,680.15,0.6
October,555206577,loyal,11,34,2,3394.85,308.62,0.18
October,557708186,new,1,2,2,3383.84,3383.84,2.0
October,556791260,loyal,10,13,5,3381.71,338.17,0.5
October,564128201,returning,2,3,2,3381.04,1690.52,1.0
October,513466070,returning,5,8,3,3379.8,675.96,0.6
October,535149712,loyal,7,15,2,3379.7,482.81,0.29
October,514415747,loyal,13,29,3,3378.71,259.9,0.23
October,520210738,loyal,14,21,2,3378.46,241.32,0.14
October,519082846,loyal,11,17,4,3375.94,306.9,0.36
October,552325990,loyal,8,17,4,3375.87,421.98,0.5
October,515281010,loyal,12,23,5,3368.86,280.74,0.42
October,512609444,loyal,13,21,2,3366.88,258.99,0.15
November,512943072,loyal,11,13,2,3366.6,306.05,0.18
October,514151444,loyal,10,14,5,3360.24,336.02,0.5
October,558641005,loyal,6,9,3,3357.99,559.67,0.5
November,524995984,loyal,13,27,7,3357.79,258.29,0.54
October,557449530,loyal,12,13,4,3354.17,279.51,0.33
October,555845033,loyal,17,21,4,3351.95,197.17,0.24
October,515346884,loyal,9,13,3,3348.33,372.04,0.33
November,572416550,loyal,7,11,2,3345.78,477.97,0.29
October,518267421,loyal,9,13,5,3345.35,371.71,0.56
October,514726301,loyal,8,15,3,3334.71,416.84,0.38
October,518291138,loyal,15,25,4,3325.92,221.73,0.27
November,513939465,returning,4,4,2,3320.94,830.24,0.5
October,539766491,returning,5,7,3,3320.68,664.14,0.6
November,512793416,returning,5,7,2,3320.54,664.11,0.4
November,535553412,returning,4,5,2,3319.93,829.98,0.5
November,545308546,loyal,9,9,2,3317.49,368.61,0.22
October,512425205,loyal,22,38,2,3317.13,150.78,0.09
November,569181579,loyal,42,69,10,3316.9,78.97,0.24
October,525052406,loyal,8,17,2,3316.17,414.52,0.25
November,554386146,returning,3,3,2,3314.12,1104.71,0.67
November,564376796,loyal,7,7,2,3311.8,473.11,0.29
November,523176136,returning,2,3,2,3306.98,1653.49,1.0
November,568612163,returning,5,8,2,3300.92,660.18,0.4
November,560217050,loyal,6,12,2,3300.11,550.02,0.33
October,541169797,loyal,21,30,6,3299.16,157.1,0.29
October,536387680,loyal,15,29,5,3296.45,219.76,0.33
November,515671420,returning,5,6,2,3294.4,658.88,0.4
October,555218597,loyal,28,33,4,3292.49,117.59,0.14
November,560751873,new,1,2,2,3291.86,3291.86,2.0
November,516587494,loyal,7,11,2,3291.47,470.21,0.29
October,536494957,returning,2,4,2,3289.66,1644.83,1.0
October,514445784,returning,4,4,2,3287.53,821.88,0.5
October,513796594,returning,3,5,4,3287.31,1095.77,1.33
November,551437021,returning,4,5,2,3286.46,821.62,0.5
October,513107325,loyal,8,12,2,3283.21,410.4,0.25
October,512479014,loyal,23,40,2,3282.94,142.74,0.09
October,525377177,returning,3,5,2,3282.92,1094.31,0.67
October,513772730,loyal,10,13,2,3282.78,328.28,0.2
October,513270467,loyal,19,27,7,3280.92,172.68,0.37
November,533074223,loyal,30,36,7,3279.78,109.33,0.23
November,549717910,loyal,13,18,3,3279.29,252.25,0.23
November,578986926,returning,3,6,2,3278.7,1092.9,0.67
November,513320236,loyal,30,48,7,3274.1,109.14,0.23
October,529597949,loyal,18,27,3,3273.58,181.87,0.17
October,514828015,loyal,27,45,5,3273.11,121.23,0.19
November,520299396,returning,4,4,2,3272.19,818.05,0.5
October,552769157,returning,5,10,4,3270.93,654.19,0.8
October,513463427,loyal,9,12,4,3270.68,363.41,0.44
October,515481756,returning,3,5,2,3269.02,1089.67,0.67
October,549130155,loyal,8,12,2,3268.76,408.6,0.25
November,576590265,loyal,7,14,5,3268.15,466.88,0.71
November,546881736,loyal,42,97,7,3267.87,77.81,0.17
October,512372673,loyal,18,21,6,3266.3,181.46,0.33
November,522357052,returning,3,4,3,3259.4,1086.47,1.0
October,541538392,new,1,4,2,3258.3,3258.3,2.0
November,519077748,returning,2,5,2,3251.72,1625.86,1.0
October,534745077,returning,2,5,2,3250.87,1625.44,1.0
October,561557312,loyal,9,17,5,3247.34,360.82,0.56
November,568102193,returning,3,3,3,3246.9,1082.3,1.0
October,531131865,loyal,8,12,3,3246.62,405.83,0.38
November,514999703,loyal,14,18,2,3246.36,231.88,0.14
November,565532148,loyal,12,17,5,3243.51,270.29,0.42
October,554090147,returning,5,14,7,3243.33,648.67,1.4
October,550894176,loyal,7,9,4,3240.11,462.87,0.57
October,519545926,loyal,7,10,4,3238.36,462.62,0.57
October,512599092,loyal,8,11,2,3238.18,404.77,0.25
October,534264927,returning,4,6,3,3237.26,809.32,0.75
November,571254770,returning,3,3,2,3235.47,1078.49,0.67
October,557646747,loyal,38,62,8,3231.13,85.03,0.21
October,517492939,returning,2,5,2,3230.41,1615.21,1.0
October,512796913,loyal,9,14,4,3228.92,358.77,0.44
October,557494063,loyal,24,32,6,3226.14,134.42,0.25
November,558768432,loyal,9,17,5,3219.61,357.73,0.56
November,519544312,loyal,15,17,5,3210.72,214.05,0.33
October,514745922,returning,5,5,3,3209.05,641.81,0.6
October,515702401,loyal,10,16,4,3205.91,320.59,0.4
November,530588589,loyal,10,11,3,3205.53,320.55,0.3
October,559197666,returning,4,4,2,3202.5,800.63,0.5
October,552659701,returning,5,5,3,3199.6,639.92,0.6
November,514188691,loyal,11,16,3,3199.21,290.84,0.27
October,514597168,loyal,24,35,10,3197.23,133.22,0.42
October,525351013,loyal,57,159,19,3194.32,56.04,0.33
November,515595329,loyal,9,14,2,3191.85,354.65,0.22
October,554568653,loyal,15,21,4,3191.6,212.77,0.27
November,569903837,returning,3,5,2,3188.46,1062.82,0.67
October,541431873,loyal,20,22,3,3183.88,159.19,0.15
October,553867979,loyal,35,50,13,3183.4,90.95,0.37
October,512602712,loyal,15,32,8,3182.8,212.19,0.53
October,519366429,returning,5,8,3,3181.95,636.39,0.6
November,572271175,returning,2,2,2,3180.78,1590.39,1.0
October,559080327,returning,3,6,3,3177.09,1059.03,1.0
November,524907474,returning,3,3,2,3176.67,1058.89,0.67
October,531658797,loyal,6,11,2,3176.06,529.34,0.33
November,539572098,loyal,7,11,3,3172.25,453.18,0.43
November,518492719,returning,3,14,2,3168.14,1056.05,0.67
October,512676452,loyal,17,25,2,3167.76,186.34,0.12
October,518782778,loyal,21,30,8,3167.26,150.82,0.38
October,545461522,returning,2,3,2,3167.19,1583.6,1.0
October,550698092,loyal,7,9,2,3163.27,451.9,0.29
November,518875339,loyal,6,7,4,3162.68,527.11,0.67
October,553006773,loyal,6,15,4,3161.45,526.91,0.67
November,558430622,loyal,26,30,5,3160.62,121.56,0.19
October,529393108,returning,4,6,3,3158.37,789.59,0.75
October,516116565,loyal,21,29,5,3153.54,150.17,0.24
November,572119465,returning,5,11,3,3152.46,630.49,0.6
October,514582445,loyal,11,16,4,3151.5,286.5,0.36
October,528346575,loyal,9,12,3,3147.93,349.77,0.33
November,522461331,loyal,10,30,6,3146.03,314.6,0.6
October,529361875,loyal,9,14,2,3145.52,349.5,0.22
October,517712257,returning,3,6,2,3144.88,1048.29,0.67
October,513601585,loyal,25,41,4,3143.42,125.74,0.16
October,540388159,loyal,7,23,4,3142.4,448.91,0.57
October,512654674,loyal,22,29,4,3137.12,142.6,0.18
October,519497399,loyal,34,46,9,3131.55,92.1,0.26
October,559232746,loyal,7,8,3,3131.22,447.32,0.43
October,514073817,loyal,18,22,4,3129.73,173.87,0.22
November,521100927,returning,5,8,2,3128.03,625.61,0.4
November,564104966,loyal,12,23,2,3126.73,260.56,0.17
October,515882395,loyal,11,18,5,3126.17,284.2,0.45
November,538216048,returning,5,10,3,3121.73,624.35,0.6
October,551678170,loyal,15,38,3,3120.67,208.04,0.2
October,542015565,returning,5,7,2,3117.2,623.44,0.4
October,548723423,loyal,6,9,3,3113.97,519.0,0.5
October,542149790,loyal,29,66,3,3110.95,107.27,0.1
October,518960325,loyal,9,16,2,3104.0,344.89,0.22
October,535141882,loyal,12,13,3,3102.74,258.56,0.25
October,555928116,loyal,7,12,3,3102.54,443.22,0.43
October,514578913,returning,2,3,3,3101.52,1550.76,1.5
October,517040519,loyal,13,14,2,3100.47,238.5,0.15
October,512825823,loyal,19,21,4,3099.93,163.15,0.21
October,516619914,returning,3,3,2,3099.65,1033.22,0.67
October,518027175,returning,5,10,3,3098.19,619.64,0.6
October,516682910,loyal,11,12,4,3097.09,281.55,0.36
October,542905361,loyal,17,28,4,3095.7,182.1,0.24
October,561923165,loyal,7,14,2,3088.84,441.26,0.29
November,555899899,loyal,19,31,2,3088.36,162.55,0.11
October,514592121,returning,2,2,2,3086.82,1543.41,1.0
October,512575501,loyal,16,27,5,3085.53,192.85,0.31
October,518702208,loyal,7,14,2,3083.71,440.53,0.29
October,522625245,returning,2,2,2,3083.71,1541.86,1.0
October,517483912,loyal,21,34,9,3081.59,146.74,0.43
October,513330399,loyal,6,8,4,3080.82,513.47,0.67
October,522441643,loyal,26,32,3,3080.62,118.49,0.12
November,515220911,returning,4,8,3,3073.15,768.29,0.75
November,567229190,new,1,3,2,3071.92,3071.92,2.0
October,513156707,returning,5,7,2,3067.18,613.44,0.4
November,572191806,loyal,7,14,4,3066.94,438.13,0.57
October,514957447,loyal,12,17,3,3064.6,255.38,0.25
October,512434925,returning,4,5,3,3062.91,765.73,0.75
October,556383991,loyal,9,13,4,3059.98,340.0,0.44
October,513537191,loyal,6,11,3,3057.07,509.51,0.5
November,542082026,loyal,10,10,3,3053.61,305.36,0.3
October,557053775,new,1,2,2,3049.99,3049.99,2.0
October,541021029,loyal,10,20,7,3048.02,304.8,0.7
October,516677603,loyal,9,17,3,3042.93,338.1,0.33
October,532008181,loyal,8,10,2,3042.54,380.32,0.25
November,539097447,loyal,6,7,3,3036.78,506.13,0.5
November,519361840,loyal,15,17,3,3036.54,202.44,0.2
October,544647372,returning,3,4,2,3034.57,1011.52,0.67
October,513512984,loyal,20,29,3,3034.27,151.71,0.15
October,564769842,loyal,11,16,4,3033.42,275.77,0.36
October,552840605,returning,4,6,3,3030.03,757.51,0.75
October,525562910,loyal,8,8,2,3027.07,378.38,0.25
November,516722416,loyal,10,15,4,3026.02,302.6,0.4
October,535257980,loyal,10,11,3,3019.45,301.95,0.3
November,512574271,returning,2,5,2,3017.06,1508.53,1.0
November,576628722,returning,4,10,3,3016.71,754.18,0.75
October,556593461,loyal,92,97,2,3012.76,32.75,0.02
October,546016824,loyal,28,45,4,3012.31,107.58,0.14
October,550068317,loyal,13,15,3,3011.55,231.66,0.23
October,517928418,loyal,10,16,3,3011.33,301.13,0.3
October,560896599,loyal,11,19,3,3011.33,273.76,0.27
November,516840354,loyal,13,16,4,3011.17,231.63,0.31
November,562736527,loyal,8,8,2,3009.93,376.24,0.25
October,530589790,loyal,19,48,14,3009.03,158.37,0.74
November,512698488,returning,2,4,2,3008.83,1504.42,1.0
October,548112255,loyal,30,39,5,3007.69,100.26,0.17
October,522829010,returning,4,7,2,3003.95,750.99,0.5
October,514663667,loyal,11,15,7,3001.54,272.87,0.64
October,527948225,loyal,14,27,4,2999.98,214.28,0.29
November,544146615,returning,3,4,3,2995.64,998.55,1.0
October,520194232,loyal,6,11,3,2995.62,499.27,0.5
October,512520469,loyal,8,8,3,2989.71,373.71,0.38
October,551064724,returning,3,8,3,2989.51,996.5,1.0
November,536064871,returning,3,3,2,2985.64,995.21,0.67
October,512681805,loyal,22,26,8,2985.15,135.69,0.36
November,572138483,loyal,22,29,4,2984.79,135.67,0.18
November,526849141,loyal,10,12,4,2983.17,298.32,0.4
October,514124563,returning,5,5,3,2981.58,596.32,0.6
October,515474900,loyal,8,13,2,2980.98,372.62,0.25
October,548845110,loyal,9,11,3,2980.43,331.16,0.33
November,535375596,loyal,14,26,4,2975.74,212.55,0.29
October,514862645,loyal,18,23,9,2972.01,165.11,0.5
October,542717096,returning,3,3,2,2970.96,990.32,0.67
October,561408862,loyal,20,29,4,2970.87,148.54,0.2
October,519164752,returning,3,6,2,2969.91,989.97,0.67
October,512757661,loyal,28,59,3,2966.27,105.94,0.11
October,530334450,loyal,8,14,4,2965.6,370.7,0.5
October,512718404,returning,5,5,2,2958.33,591.67,0.4
October,514511498,returning,2,3,2,2957.35,1478.68,1.0
October,516323509,loyal,10,16,2,2957.29,295.73,0.2
October,543708346,loyal,11,14,4,2957.11,268.83,0.36
November,512445284,loyal,22,30,4,2956.27,134.38,0.18
October,558411399,loyal,7,11,3,2955.64,422.23,0.43
October,547042232,returning,5,7,3,2954.98,591.0,0.6
October,564460153,returning,2,3,2,2953.84,1476.92,1.0
October,524430529,returning,4,5,3,2948.09,737.02,0.75
October,548158996,returning,2,4,2,2947.28,1473.64,1.0
October,512870255,loyal,16,22,6,2945.42,184.09,0.38
November,566448225,loyal,101,148,10,2943.95,29.15,0.1
November,568826799,loyal,25,35,10,2943.68,117.75,0.4
October,544750249,returning,5,6,2,2939.48,587.9,0.4
October,514487981,loyal,16,26,2,2939.48,183.72,0.13
November,518981196,loyal,18,25,5,2939.06,163.28,0.28
October,534820779,loyal,16,33,6,2937.19,183.57,0.38
November,575356258,loyal,8,11,3,2935.42,366.93,0.38
October,525319408,returning,4,5,2,2933.82,733.46,0.5
November,572132019,returning,4,9,3,2933.58,733.4,0.75
October,556676313,loyal,6,11,4,2932.7,488.78,0.67
October,536352635,loyal,22,48,12,2931.47,133.25,0.55
November,539680244,loyal,7,11,2,2930.84,418.69,0.29
October,513825957,loyal,16,34,4,2929.48,183.09,0.25
November,573423364,loyal,8,11,2,2927.36,365.92,0.25
October,521463763,loyal,12,20,3,2926.71,243.89,0.25
October,521838422,returning,5,9,3,2926.68,585.34,0.6
November,562123552,returning,4,4,2,2924.71,731.18,0.5
October,552614654,loyal,7,10,2,2921.71,417.39,0.29
October,552190231,loyal,6,8,3,2920.86,486.81,0.5
November,538665902,loyal,7,10,3,2920.74,417.25,0.43
November,521339236,loyal,28,55,8,2919.82,104.28,0.29
November,513621058,returning,5,6,2,2918.14,583.63,0.4
October,519468511,loyal,15,17,4,2917.37,194.49,0.27
November,551476460,returning,5,7,2,2917.3,583.46,0.4
October,548873508,loyal,7,9,3,2913.94,416.28,0.43
November,522838468,loyal,7,7,3,2912.79,416.11,0.43
October,537934646,returning,2,2,2,2912.56,1456.28,1.0
November,565543296,loyal,13,15,2,2909.37,223.8,0.15
November,561761134,returning,5,6,2,2908.3,581.66,0.4
October,543924054,loyal,6,10,2,2905.87,484.31,0.33
October,521946822,returning,5,8,5,2901.53,580.31,1.0
October,550487559,loyal,7,10,4,2900.4,414.34,0.57
November,566357104,loyal,44,115,6,2899.56,65.9,0.14
November,571539009,loyal,25,36,3,2898.02,115.92,0.12
October,519237029,returning,2,6,3,2896.21,1448.11,1.5
October,514815543,loyal,18,29,4,2894.65,160.81,0.22
October,546967331,loyal,26,60,13,2890.81,111.19,0.5
October,513044730,loyal,28,33,5,2890.39,103.23,0.18
October,513282532,loyal,14,22,8,2889.86,206.42,0.57
October,516180598,returning,5,10,3,2887.09,577.42,0.6
October,546796428,returning,2,5,2,2886.18,1443.09,1.0
October,563678855,returning,5,8,3,2882.84,576.57,0.6
November,553353155,loyal,6,12,2,2882.16,480.36,0.33
October,562456458,returning,5,5,2,2881.16,576.23,0.4
October,514718756,loyal,13,20,9,2879.25,221.48,0.69
October,515821265,returning,4,7,3,2879.08,719.77,0.75
October,512514956,loyal,15,17,4,2876.04,191.74,0.27
November,565710689,loyal,10,18,3,2875.5,287.55,0.3
October,546194148,loyal,8,12,4,2875.34,359.42,0.5
October,512664753,returning,3,4,2,2875.18,958.39,0.67
November,555780916,returning,2,4,2,2875.0,1437.5,1.0
November,545564622,loyal,12,17,3,2874.96,239.58,0.25
October,524912971,loyal,7,19,4,2873.55,410.51,0.57
October,530454615,loyal,21,40,12,2873.42,136.83,0.57
October,540473284,loyal,10,15,4,2870.13,287.01,0.4
October,513170366,returning,2,3,2,2870.12,1435.06,1.0
October,559109306,returning,5,7,4,2868.74,573.75,0.8
October,541471203,loyal,6,9,4,2866.85,477.81,0.67
November,514198263,loyal,6,12,3,2866.18,477.7,0.5
October,537102591,returning,3,6,2,2864.22,954.74,0.67
October,512510622,loyal,6,6,3,2862.06,477.01,0.5
November,562930546,returning,3,6,2,2861.96,953.99,0.67
October,555524859,returning,3,5,2,2859.19,953.06,0.67
October,514621306,returning,2,7,3,2857.11,1428.55,1.5
October,519946296,returning,5,7,2,2856.66,571.33,0.4
October,524674128,returning,4,5,2,2856.64,714.16,0.5
October,515358303,returning,4,5,2,2856.62,714.16,0.5
October,559492087,returning,4,5,2,2856.62,714.16,0.5
November,512382536,loyal,10,11,3,2856.45,285.65,0.3
October,555335936,loyal,9,17,5,2854.38,317.15,0.56
November,518539241,loyal,6,10,2,2854.33,475.72,0.33
November,520245179,returning,3,5,2,2853.92,951.31,0.67
October,559434129,returning,4,4,2,2853.77,713.44,0.5
October,548227233,loyal,12,28,5,2853.3,237.78,0.42
November,512762058,loyal,9,18,2,2853.1,317.01,0.22
November,548728783,returning,5,7,4,2852.33,570.47,0.8
October,548391889,loyal,12,18,5,2851.68,237.64,0.42
October,524397050,returning,5,7,2,2851.56,570.31,0.4
November,512388750,loyal,37,51,3,2850.38,77.04,0.08
October,513223667,returning,5,6,2,2849.17,569.83,0.4
October,513387972,loyal,15,39,3,2847.34,189.82,0.2
October,549110391,loyal,7,8,2,2846.98,406.71,0.29
November,537942523,returning,3,5,2,2846.63,948.88,0.67
November,562329386,returning,5,5,3,2845.55,569.11,0.6
October,532116167,returning,4,7,3,2845.09,711.27,0.75
October,512440638,loyal,6,10,2,2843.81,473.97,0.33
October,515104099,returning,3,5,2,2843.32,947.77,0.67
November,526742372,loyal,6,6,2,2842.75,473.79,0.33
October,513803014,loyal,9,14,2,2841.93,315.77,0.22
October,535318184,loyal,20,27,8,2841.78,142.09,0.4
October,553271745,loyal,12,18,3,2841.77,236.81,0.25
October,514057424,loyal,7,12,2,2841.49,405.93,0.29
October,513941722,returning,3,4,2,2841.1,947.03,0.67
October,534507968,loyal,9,10,5,2837.93,315.33,0.56
October,513715833,loyal,19,23,5,2836.94,149.31,0.26
October,559554456,returning,3,6,2,2836.21,945.4,0.67
October,558040315,returning,3,5,2,2836.03,945.34,0.67
October,524951998,returning,2,3,2,2835.75,1417.88,1.0
October,517621861,loyal,6,15,4,2834.91,472.48,0.67
October,561368054,returning,2,2,2,2834.46,1417.23,1.0
October,537606351,loyal,6,8,2,2833.83,472.31,0.33
October,515048449,loyal,7,9,2,2833.57,404.8,0.29
November,569794725,loyal,26,31,5,2831.51,108.9,0.19
October,554577908,returning,4,6,2,2830.96,707.74,0.5
October,520505185,loyal,7,7,2,2830.96,404.42,0.29
October,556288912,loyal,7,7,2,2830.96,404.42,0.29
October,526943487,returning,3,3,2,2830.96,943.65,0.67
October,531896810,loyal,7,10,2,2830.96,404.42,0.29
November,568105973,loyal,18,31,6,2830.13,157.23,0.33
November,519650830,loyal,6,9,2,2829.85,471.64,0.33
October,521257039,returning,5,6,2,2828.64,565.73,0.4
October,547150551,returning,4,7,2,2828.27,707.07,0.5
October,556254558,loyal,6,7,2,2828.05,471.34,0.33
October,522706218,returning,5,13,2,2826.32,565.26,0.4
October,518957175,loyal,9,15,2,2826.32,314.04,0.22
October,517951008,returning,3,3,2,2825.76,941.92,0.67
October,518372139,new,1,4,2,2823.1,2823.1,2.0
November,560796986,returning,4,4,3,2820.91,705.23,0.75
November,513457041,loyal,20,34,4,2820.73,141.04,0.2
November,512398908,loyal,13,24,4,2819.54,216.89,0.31
October,512883216,returning,3,6,2,2818.32,939.44,0.67
October,557262199,loyal,16,52,14,2813.7,175.86,0.88
October,542011470,loyal,27,45,10,2810.78,104.1,0.37
October,561144112,returning,2,2,2,2810.22,1405.11,1.0
November,514694240,loyal,11,11,3,2809.39,255.4,0.27
November,524473299,returning,4,4,2,2808.52,702.13,0.5
October,524741028,loyal,9,15,5,2808.03,312.0,0.56
October,559179233,returning,2,2,2,2807.75,1403.88,1.0
October,562249143,returning,4,4,2,2806.88,701.72,0.5
October,536649436,returning,4,4,2,2799.93,699.98,0.5
October,559187070,returning,2,2,2,2798.99,1399.5,1.0
November,545351687,returning,3,5,3,2797.13,932.38,1.0
November,564195480,loyal,9,10,3,2796.9,310.77,0.33
October,515753999,loyal,6,11,2,2795.44,465.91,0.33
October,532639249,loyal,13,17,2,2794.92,214.99,0.15
October,516639945,loyal,16,26,5,2794.91,174.68,0.31
October,547032145,returning,3,3,2,2794.81,931.6,0.67
November,557313309,returning,3,7,2,2793.08,931.03,0.67
October,559126696,returning,4,10,3,2789.47,697.37,0.75
October,540306118,loyal,8,10,2,2780.23,347.53,0.25
October,520194125,loyal,12,16,4,2778.75,231.56,0.33
October,537830608,loyal,18,23,6,2777.89,154.33,0.33
November,558650663,loyal,9,12,4,2776.1,308.46,0.44
November,549498138,loyal,6,7,2,2775.11,462.52,0.33
October,558276777,loyal,23,75,3,2772.25,120.53,0.13
November,569173614,returning,2,4,2,2770.45,1385.23,1.0
October,550208269,returning,3,3,2,2767.45,922.48,0.67
October,545978464,loyal,18,23,6,2761.98,153.44,0.33
October,565961930,returning,2,7,3,2761.72,1380.86,1.5
October,546708810,returning,5,8,3,2761.39,552.28,0.6
October,547633172,new,1,3,2,2758.88,2758.88,2.0
November,512924855,loyal,9,10,3,2757.1,306.34,0.33
November,518744992,returning,2,3,2,2756.62,1378.31,1.0
October,522114084,loyal,39,53,14,2756.51,70.68,0.36
October,554123806,loyal,7,12,2,2755.93,393.7,0.29
October,553770111,returning,5,11,3,2755.53,551.11,0.6
November,572918483,loyal,13,24,6,2754.86,211.91,0.46
November,512837267,loyal,10,15,2,2752.4,275.24,0.2
October,562930546,returning,2,2,2,2752.3,1376.15,1.0
October,514361011,loyal,8,9,3,2747.18,343.4,0.38
November,517197432,loyal,8,11,3,2747.07,343.38,0.38
October,555644380,loyal,10,15,2,2746.53,274.65,0.2
November,560519912,loyal,11,15,3,2746.02,249.64,0.27
October,518565301,loyal,7,9,2,2745.56,392.22,0.29
November,565475662,loyal,28,43,9,2745.07,98.04,0.32
October,548449052,loyal,28,37,13,2741.71,97.92,0.46
November,559985972,loyal,21,31,3,2741.63,130.55,0.14
October,552047014,returning,5,11,2,2740.58,548.12,0.4
October,545376441,loyal,21,39,12,2738.73,130.42,0.57
November,538360089,returning,3,3,2,2738.03,912.68,0.67
October,516435416,loyal,21,47,4,2737.66,130.36,0.19
October,525858841,loyal,7,10,3,2736.36,390.91,0.43
November,519581928,loyal,6,12,5,2736.02,456.0,0.83
October,549870997,loyal,7,9,3,2735.62,390.8,0.43
November,574494157,returning,4,7,2,2733.37,683.34,0.5
November,519507987,loyal,8,10,2,2728.0,341.0,0.25
November,555312955,loyal,9,11,4,2727.93,303.1,0.44
November,556800275,returning,2,3,2,2727.79,1363.9,1.0
November,568146294,returning,2,3,2,2727.23,1363.62,1.0
November,551022769,loyal,8,8,2,2726.46,340.81,0.25
November,576547385,loyal,7,10,2,2725.38,389.34,0.29
November,567665069,loyal,14,15,2,2725.38,194.67,0.14
November,545409273,loyal,7,7,2,2725.14,389.31,0.29
October,536678720,loyal,11,14,2,2723.98,247.63,0.18
October,555963149,loyal,11,17,7,2723.44,247.59,0.64
October,514654802,loyal,14,18,5,2723.0,194.5,0.36
October,552666388,returning,4,5,2,2722.57,680.64,0.5
November,568585884,returning,2,2,2,2722.23,1361.12,1.0
October,512851367,returning,4,4,2,2717.31,679.33,0.5
October,538017950,loyal,9,12,3,2716.91,301.88,0.33
November,521620584,loyal,21,29,6,2716.1,129.34,0.29
October,544792759,returning,3,6,2,2715.2,905.07,0.67
October,565306251,returning,5,5,2,2714.84,542.97,0.4
October,518639853,loyal,8,14,2,2714.84,339.36,0.25
November,513013149,loyal,15,18,6,2714.2,180.95,0.4
October,550965602,loyal,20,39,6,2712.98,135.65,0.3
October,543451860,returning,5,10,2,2712.78,542.56,0.4
October,561558125,loyal,11,17,6,2707.54,246.14,0.55
November,555118370,loyal,15,38,7,2707.5,180.5,0.47
October,553525063,loyal,14,18,5,2707.19,193.37,0.36
October,559152378,loyal,13,24,5,2706.44,208.19,0.38
October,548358465,loyal,12,16,2,2705.07,225.42,0.17
November,567078816,loyal,11,13,4,2704.5,245.86,0.36
October,557858231,loyal,8,17,4,2701.95,337.74,0.5
November,540306118,loyal,6,7,2,2701.6,450.27,0.33
October,512716365,loyal,10,12,3,2698.11,269.81,0.3
November,514416740,loyal,13,24,6,2694.9,207.3,0.46
November,521802472,loyal,7,8,3,2691.87,384.55,0.43
November,570980677,returning,3,3,2,2690.9,896.97,0.67
November,512599983,loyal,12,20,3,2687.52,223.96,0.25
November,568293704,loyal,14,15,3,2686.5,191.89,0.21
October,541510103,loyal,50,88,17,2686.02,53.72,0.34
November,516230927,loyal,10,13,2,2683.74,268.37,0.2
November,516014867,loyal,12,25,4,2682.46,223.54,0.33
October,513499627,loyal,27,40,3,2682.16,99.34,0.11
October,526987055,returning,2,3,2,2681.67,1340.84,1.0
October,534293701,returning,4,6,2,2681.34,670.33,0.5
November,533487259,loyal,8,10,2,2679.19,334.9,0.25
October,561174399,returning,3,6,2,2678.97,892.99,0.67
November,574907873,returning,4,4,2,2676.72,669.18,0.5
November,516167479,returning,4,5,2,2676.46,669.12,0.5
November,565488812,returning,5,6,2,2675.98,535.2,0.4
November,514785873,returning,3,4,2,2675.46,891.82,0.67
October,512938545,loyal,10,16,5,2675.05,267.51,0.5
November,572184591,returning,2,2,2,2674.97,1337.49,1.0
November,524077305,loyal,9,16,2,2674.56,297.17,0.22
November,516863519,loyal,7,7,2,2674.46,382.07,0.29
November,550372469,returning,3,5,2,2673.26,891.09,0.67
November,541377134,returning,2,4,2,2673.26,1336.63,1.0
November,551801600,loyal,29,41,6,2672.79,92.17,0.21
November,517548573,returning,3,3,2,2672.13,890.71,0.67
October,543354154,loyal,11,17,3,2671.34,242.85,0.27
November,553584008,loyal,10,13,2,2669.38,266.94,0.2
October,513815353,returning,3,3,2,2665.76,888.59,0.67
November,562255111,returning,2,3,2,2665.47,1332.74,1.0
October,559773310,loyal,12,19,5,2664.54,222.05,0.42
November,550672767,loyal,35,70,3,2661.42,76.04,0.09
October,541992522,returning,5,6,3,2660.81,532.16,0.6
October,513266807,loyal,13,19,2,2660.17,204.63,0.15
October,539144765,loyal,16,23,7,2659.09,166.19,0.44
October,539340977,loyal,12,14,2,2658.64,221.55,0.17
November,572095039,loyal,16,29,3,2657.63,166.1,0.19
November,518301885,returning,5,8,3,2647.8,529.56,0.6
October,516489628,loyal,22,26,8,2647.4,120.34,0.36
October,538175187,loyal,18,33,4,2646.62,147.03,0.22
October,564247360,loyal,12,25,2,2645.75,220.48,0.17
October,512408968,loyal,12,19,3,2645.64,220.47,0.25
October,557349524,loyal,10,21,2,2644.57,264.46,0.2
October,563412828,loyal,13,18,6,2642.6,203.28,0.46
October,530522688,loyal,25,33,6,2641.69,105.67,0.24
November,518262021,returning,2,3,2,2641.48,1320.74,1.0
